Tên doanh nghiệp,Tên giao dịch,Mã số thuế,Địa chỉ,Tình trạng hoạt động,Ngày cấp giấy phép,Ngành nghề kinh doanh,Link
CÔNG TY CỔ PHẦN DỊCH VỤ VÀ SẢN XUẤT NGUYỄN ĐỨC MINH,,111138123,"Khu lò gạch số 2, Thôn Phúc Am, Xã Hồng Vân, Hà Nội",Đang hoạt động (đã được cấp GCN ĐKT),23/07/2025,Sản xuất cà phê,https://infodoanhnghiep.com/thong-tin/Cong-Ty-Co-Phan-Dich-Vu-Va-San-Xuat-Nguyen-Duc-Minh-38123.html
CÔNG TY TNHH THƯƠNG MẠI AN HUYỀN,,111137313,"Số 300, đường vắng, thôn 7, Xã Dương Hòa, Hà Nội",Đang hoạt động (đã được cấp GCN ĐKT),23/07/2025,Bán buôn thực phẩm,https://infodoanhnghiep.com/thong-tin/Cong-Ty-TNHH-Thuong-Mai-An-Huyen-37313.html
CÔNG TY TNHH THƯƠNG MẠI VÀ VẬN TẢI CHẤT LƯỢNG CAO AN PHÚ,,111137225,"Trại Gần, Thôn 1, Xã Sơn Đồng, Hà Nội",Đang hoạt động (đã được cấp GCN ĐKT),23/07/2025,Vận tải hàng hóa bằng đường bộ,https://infodoanhnghiep.com/thong-tin/Cong-Ty-TNHH-Thuong-Mai-Va-Van-Tai-Chat-Luong-Cao-An-Phu-37225.html
CÔNG TY TNHH L.C.T,"L.C.T CO.,LTD",111137095,"SỐ171 Đường Giảng Võ, Phường Giảng Võ, Hà Nội",Đang hoạt động (đã được cấp GCN ĐKT),23/07/2025,"Hoạt động của các phòng khám đa khoa, chuyên khoa và nha khoa",https://infodoanhnghiep.com/thong-tin/Cong-Ty-TNHH-Lct-37095.html
CÔNG TY TNHH PHÂN PHỐI VÀ ĐẦU TƯ ECOGREEN,"ECOGREENINVESTMENT AND DISTRIBUTION CO., LTD",111137306,"Căn Offícetel A3-2904, Tầng 29,ToàA3, Ecolife Capitol, 58TỐ Hữu, Phường Đại Mỗ, Hà Nội",Đang hoạt động (đã được cấp GCN ĐKT),23/07/2025,Vận tải hàng hóa bằng đường bộ,https://infodoanhnghiep.com/thong-tin/Cong-Ty-TNHH-Phan-Phoi-Va-Dau-Tu-Ecogreen-37306.html
CÔNG TY TNHH TRUYỀN THÔNG GIẢI TRÍ ĐA PHƯƠNG TIỆN HYPER,"HYPER MULTIMEDIA CO., LTD",111137377,"SỐ19TỐ Hữu, Phường Đại Mỗ, Hà Nội",Đang hoạt động (đã được cấp GCN ĐKT),23/07/2025,,https://infodoanhnghiep.com/thong-tin/Cong-Ty-TNHH-Truyen-Thong-Giai-Tri-Da-Phuong-Tien-Hyper-37377.html
CÔNG TY TNHH GẠO TUẤN PHONG,"TUAN PHONG RICE CO.,LTD",111134432,"Thôn Tăng cấu Hạ, Xã Vật Lại, Hà Nội",Đang hoạt động (đã được cấp GCN ĐKT),21/07/2025,"Bán buôn gạo, lúa mỳ, hạt ngũ cốc khác, bột mỳ",https://infodoanhnghiep.com/thong-tin/Cong-Ty-TNHH-Gao-Tuan-Phong-34432.html
CÔNG TY CỔ PHẦN SYNCFORME,CÔNG TY SYNCFORME,111134457,"Số 9, ngách 89/97 đường Tứ Liên, Phường Hồng Hà, Hà Nội",Đang hoạt động (đã được cấp GCN ĐKT),21/07/2025,May trang phục (trừ trang phục từ da lông thú),https://infodoanhnghiep.com/thong-tin/Cong-Ty-Co-Phan-Syncforme-34457.html
CÔNG TY TNHH PCCC PHÚC THUỶ AN,,111134834,"Thôn 4, Xã Phúc Thọ, Hà Nội",Đang hoạt động (đã được cấp GCN ĐKT),21/07/2025,Lắp đặt hệ thống xây dựng khác,https://infodoanhnghiep.com/thong-tin/Cong-Ty-TNHH-PCCC-Phuc-Thuy-An-34834.html
CÔNG TY TNHH VB DUY KHÁNH,,111134827,"Số nhà 33, ngõ 52 thôn 8, Xã Phúc Thọ, Hà Nội",Đang hoạt động (đã được cấp GCN ĐKT),21/07/2025,"Bán buôn vải, hàng may mặc, giày dép",https://infodoanhnghiep.com/thong-tin/Cong-Ty-TNHH-Vb-Duy-Khanh-34827.html
CÔNG TY TNHH ĐẠI NGỌC AN,,111134471,"Số 3, ngõ 94 đường Tân Xuân, Phường Đông Ngạc, Hà Nội",Đang hoạt động (đã được cấp GCN ĐKT),21/07/2025,"Hoạt động sản xuất phim điện ảnh, phim video và chương trình truyền hình",https://infodoanhnghiep.com/thong-tin/Cong-Ty-TNHH-Dai-Ngoc-An-34471.html
CÔNG TY TNHH STD PHẠM NGUYỄN,,111134464,"SỐ719 quốc 1Ộ21, Thôn Tân Phúc, Xã Đoài Phương, Hà Nội",Đang hoạt động (đã được cấp GCN ĐKT),21/07/2025,Gia công cơ khí; xử lý và tráng phủ kim loại,https://infodoanhnghiep.com/thong-tin/Cong-Ty-TNHH-Std-Pham-Nguyen-34464.html
CÔNG TY TNHH ZEROTH JEWELRY,"ZEROTH JEWELRY CO., LTD",111134721,"Số 225, ngõ chợ Khâm Thiên, Phường Văn Miếu - Quốc Tử Giám, Hà Nội",Đang hoạt động (đã được cấp GCN ĐKT),21/07/2025,Bán lẻ hàng hóa khác mới trong các cửa hàng chuyên doanh,https://infodoanhnghiep.com/thong-tin/Cong-Ty-TNHH-Zeroth-Jewelry-34721.html
CÔNG TY TNHH GIA MINH FOODS,,111131671,"SỐ21, đường Đồng Bưởi, thôn Mới, Xã Dương Hòa, Hà Nội",Đang hoạt động (đã được cấp GCN ĐKT),19/07/2025,Bán lẻ thực phẩm trong các cửa hàng chuyên doanh,https://infodoanhnghiep.com/thong-tin/Cong-Ty-TNHH-Gia-Minh-Foods-31671.html
CÔNG TY CỔ PHẦN BỆNH VIỆN VIỆT NHẬT MÊ LINH,,111132812,"Khu đô thị Hà Phong, Xã Mê Linh, Hà Nội",Đang hoạt động (đã được cấp GCN ĐKT),19/07/2025,"Hoạt động của các bệnh viện, trạm y tế",https://infodoanhnghiep.com/thong-tin/Cong-Ty-Co-Phan-Benh-Vien-Viet-Nhat-Me-Linh-32812.html
CÔNG TY TNHH SẢN XUẤT VÀ CUNG ỨNG THỰC PHẨM TRÍ THÀNH,"TRI THANH FOOD CO.,LTD",111131618,"Đội 9, Xã Ngọc Hồi, Hà Nội",Đang hoạt động (đã được cấp GCN ĐKT),19/07/2025,Bán buôn thực phẩm,https://infodoanhnghiep.com/thong-tin/Cong-Ty-TNHH-San-Xuat-Va-Cung-Ung-Thuc-Pham-Tri-Thanh-31618.html
CÔNG TY CỔ PHẦN HELIA HOLDING,"HELIA HOLDING.,JSC",111132594,"Số 280 Hoàng Văn Thái, Phường Thanh Xuân, Hà Nội",Đang hoạt động (đã được cấp GCN ĐKT),19/07/2025,"Hoạt động của các phòng khám đa khoa, chuyên khoa và nha khoa",https://infodoanhnghiep.com/thong-tin/Cong-Ty-Co-Phan-Helia-Holding-32594.html
CÔNG TY TNHH THƯƠNG MẠI DỊCH VỤ VẠN PHÚ THỊNH,,111131664,"Số nhà 21 ngõ 35, Thôn Đau Tranh, Xã An Khánh, Hà Nội",Đang hoạt động (đã được cấp GCN ĐKT),19/07/2025,Bán buôn tổng hợp,https://infodoanhnghiep.com/thong-tin/Cong-Ty-TNHH-Thuong-Mai-Dich-Vu-Van-Phu-Thinh-31664.html
CÔNG TY TNHH THƯƠNG MẠI VÀ PHÁT TRIỂN DỊCH VỤ 3B,,111131777,"Số 28, ngách 77/25/22, ngõ 298 đường Ngọc Hồi, Thôn Yên Ngưu, Xã Đại Thanh, Hà Nội",Đang hoạt động (đã được cấp GCN ĐKT),19/07/2025,"Bán buôn vải, hàng may mặc, giày dép",https://infodoanhnghiep.com/thong-tin/Cong-Ty-TNHH-Thuong-Mai-Va-Phat-Trien-Dich-Vu-3B-31777.html
CÔNG TY TNHH TM HẢI SẢN THÀNH ĐỖ GIA,"THANH DO GIA SEAEOOD CO., LTD",111131897,"Số 32, Ngõ 255 Thanh Am, Phường Việt Hưng, Hà Nội",Đang hoạt động (đã được cấp GCN ĐKT),19/07/2025,Bán buôn thực phẩm,https://infodoanhnghiep.com/thong-tin/Cong-Ty-TNHH-TM-Hai-San-Thanh-Do-Gia-31897.html
CÔNG TY TNHH THƯƠNG MẠI QUỐC TẾ TUYẾN NAM,"TUYEN NAM INTERNATIONAL TRADING CO., LTD",111132026,"Số nhà 31,TỔ dân phố số 1, Ngõ 908/36 Đường Kim Giang, Phường Thanh Liệt, Hà Nội",Đang hoạt động (đã được cấp GCN ĐKT),19/07/2025,Bán buôn đồ dùng khác cho gia đình,https://infodoanhnghiep.com/thong-tin/Cong-Ty-TNHH-Thuong-Mai-Quoc-Te-Tuyen-Nam-32026.html
CÔNG TY CỔ PHẦN SẢN XUẤT VÀ THƯƠNG MẠI SÀN ĐẸP,SAN DEP PRODUCTION AND TRADING JSC,111131713,"Số 05 liền ke 06 - Tổng cục V, Phường Thanh Liệt, Hà Nội",Đang hoạt động (đã được cấp GCN ĐKT),19/07/2025,Hoàn thiện công trình xây dựng,https://infodoanhnghiep.com/thong-tin/Cong-Ty-Co-Phan-San-Xuat-Va-Thuong-Mai-San-Dep-31713.html
CÔNG TY CỔ PHẦN DỊCH VỤ THƯƠNG MẠI TRÂU VÀNG,"TRAU VANG TRADING SERVICE., JSC",111132629,"Số 6 Đường Đông Hạ, Thôn Thái Phù, Xã Sóc Sơn, Hà Nội",Đang hoạt động (đã được cấp GCN ĐKT),19/07/2025,Vận tải hàng hóa bằng đường bộ,https://infodoanhnghiep.com/thong-tin/Cong-Ty-Co-Phan-Dich-Vu-Thuong-Mai-Trau-Vang-32629.html
CÔNG TY TNHH THƯƠNG MẠI HƯNG BẢO KHÁNH,"HUNG BAO KHANH TRADING CO.,LTD",111132555,"Thôn Đông Cứu, Xã Thượng Phúc, Hà Nội",Đang hoạt động (đã được cấp GCN ĐKT),19/07/2025,"Bán buôn vật liệu, thiết bị lắp đặt khác trong xây dựng",https://infodoanhnghiep.com/thong-tin/Cong-Ty-TNHH-Thuong-Mai-Hung-Bao-Khanh-32555.html
CÔNG TY TNHH SẢN XUẤT VÀ THƯƠNG MẠI ĐỨC PHÚC 88,,111131819,"Thôn Châu Mai, Xã Dân Hòa, Hà Nội",Đang hoạt động (đã được cấp GCN ĐKT),19/07/2025,Chăn nuôi gia cầm,https://infodoanhnghiep.com/thong-tin/Cong-Ty-TNHH-San-Xuat-Va-Thuong-Mai-Duc-Phuc-88-31819.html
CÔNG TY TNHH CHĂN NUÔI TÙNG ANH,,111131865,"Số nhà 142 Đường số 1 Thôn Châu Mai, Xã Dân Hòa, Hà Nội",Đang hoạt động (đã được cấp GCN ĐKT),19/07/2025,Chăn nuôi gia cầm,https://infodoanhnghiep.com/thong-tin/Cong-Ty-TNHH-Chan-Nuoi-Tung-Anh-31865.html
CÔNG TY CỔ PHẦN VẬT LIỆU XÂY DỰNG XANH HÀ NỘI,HANOI GREEN MATERIALS JSC,111131745,"Số nhà 23,TỔ 13 Đường Hồ Chí Minh, Thôn Xuân Thủy, Xã Xuân Mai, Hà Nội",Đang hoạt động (đã được cấp GCN ĐKT),19/07/2025,"Bán buôn vật liệu, thiết bị lắp đặt khác trong xây dựng",https://infodoanhnghiep.com/thong-tin/Cong-Ty-Co-Phan-Vat-Lieu-Xay-Dung-Xanh-Ha-Noi-31745.html
CÔNG TY TNHH THƯƠNG MẠI ALEI,"ALEI TRADING CO., LTD",111132178,"Xóm 1 thôn Đồng Nhân, Xã An Khánh, Hà Nội",Đang hoạt động (đã được cấp GCN ĐKT),19/07/2025,Sản xuất các loại hàng dệt khác chưa được phân vào đâu,https://infodoanhnghiep.com/thong-tin/Cong-Ty-TNHH-Thuong-Mai-Alei-32178.html
CÔNG TY TNHH ẨM THỰC TÙNG VIỆT NAM,,111132097,"Số 2 phố Hàng Bông, Phường Hoàn Kiếm, Hà Nội",Đang hoạt động (đã được cấp GCN ĐKT),19/07/2025,Nhà hàng và các dịch vụ ăn uống phục vụ lưu động,https://infodoanhnghiep.com/thong-tin/Cong-Ty-TNHH-Am-Thuc-Tung-Viet-Nam-32097.html
CÔNG TY CP TỔNG HỢP THÔNG MINH GIA NGUYỄN INNOVATIVE SOLUTIONS,"GIANGUYENINNOVATIVE SOLUTIONS., JSC",111131752,"Số 17, đường Phú Xá, Phường Phú Thượng, Hà Nội",Đang hoạt động (đã được cấp GCN ĐKT),19/07/2025,Bán lẻ  khác trong các cửa hàng kinh doanh tổng hợp,https://infodoanhnghiep.com/thong-tin/Cong-Ty-CP-Tong-Hop-Thong-Minh-Gia-Nguyen-Innovative-Solutions-31752.html
CÔNG TY TNHH SẢN XUẤT VÀ THƯƠNG MẠI CƠ KHÍ CÔNG VƯỢNG,"CONG VUONG MECHANICAL TRADING AND PRODUCTION CO., LTD",111131826,"Số nhà 35, Thôn Rùa Thượng, Xã Tam Hưng, Hà Nội",Đang hoạt động (đã được cấp GCN ĐKT),19/07/2025,Gia công cơ khí; xử lý và tráng phủ kim loại,https://infodoanhnghiep.com/thong-tin/Cong-Ty-TNHH-San-Xuat-Va-Thuong-Mai-Co-Khi-Cong-Vuong-31826.html
CÔNG TY CỔ PHẦN ĐIỆN MÁY TÂM VIỆT,"DIEN MAY TAM VIET .,JSC",111131706,"Lô 28, Dịch vụ 14, Khu đô thị Tây Nam Linh Đàm, Phường Hoàng Liệt, Hà Nội",Đang hoạt động (đã được cấp GCN ĐKT),19/07/2025,"Bán buôn thiết bị và linh kiện điện tử, viễn thông",https://infodoanhnghiep.com/thong-tin/Cong-Ty-Co-Phan-Dien-May-Tam-Viet-31706.html
CÔNG TY TRÁCH NHIỆM HỮU HẠN THƯƠNG MẠI QUỐC TẾ LẠC VIỆT,LAC VIET GLOBAL,111131791,"186 đường Võ Chí Công, Phường Tây Hồ, Hà Nội",Đang hoạt động (đã được cấp GCN ĐKT),19/07/2025,Nhà hàng và các dịch vụ ăn uống phục vụ lưu động,https://infodoanhnghiep.com/thong-tin/Cong-Ty-Trach-Nhiem-Huu-Han-Thuong-Mai-Quoc-Te-Lac-Viet-31791.html
CÔNG TY TNHH THƯƠNG MẠI VÀ DỊCH VỤ HQ HÀ NỘI,,111131784,"Số 4, ngách 67 ngõ 18 Định Công Thượng, Phường Định Công, Hà Nội",Đang hoạt động (đã được cấp GCN ĐKT),19/07/2025,Bán buôn thực phẩm,https://infodoanhnghiep.com/thong-tin/Cong-Ty-TNHH-Thuong-Mai-Va-Dich-Vu-Hq-Ha-Noi-31784.html
CÔNG TY TNHH THƯƠNG MẠI VÀ DỊCH VỤ TỔNG HỢP GOODEX VIỆT NAM,"GOODEX VN GT&S CO.,LTD",111127636,"số 3 ngách 8 ngõ 313 đường Lĩnh Nam, Phường Vĩnh Tuy, Hà Nội",Đang hoạt động (đã được cấp GCN ĐKT),17/07/2025,Bán lẻ  khác trong các cửa hàng kinh doanh tổng hợp,https://infodoanhnghiep.com/thong-tin/Cong-Ty-TNHH-Thuong-Mai-Va-Dich-Vu-Tong-Hop-Goodex-Viet-Nam-27636.html
CÔNG TY TNHH NGHỆ THUẬT SƠN MÀI HẠ THÁI,"HA THAI LACQUER ART CO., LTD",111127481,"Số 79, Đường Hạ Thái-Mỹ Lộc, Cụm 6, Thôn Hạ Thái, Xã Hồng Vân, Hà Nội",Đang hoạt động (đã được cấp GCN ĐKT),17/07/2025,Sản xuất khác chưa được phân vào đâu,https://infodoanhnghiep.com/thong-tin/Cong-Ty-TNHH-Nghe-Thuat-Son-Mai-Ha-Thai-27481.html
CÔNG TY TNHH STUDIO FORTE,"STUDIO FORTE CO., LTD",111125445,"Số nhà 10, ngách 55, Phường Bạch Mai, Hà Nội",Đang hoạt động (đã được cấp GCN ĐKT),16/07/2025,"Hoạt động sản xuất phim điện ảnh, phim video và chương trình truyền hình",https://infodoanhnghiep.com/thong-tin/Cong-Ty-TNHH-Studio-Forte-25445.html
CÔNG TY TNHH XUẤT NHẬP KHẨU VÀ THƯƠNG MẠI QUỐC TẾ THỊNH PHÁT,"THINH PHAT IMEX INTRACO.,LTD",111126015,"Tầng 10 Tòa Suced Tower, số 108 Đường Nguyễn Hoàng, Phường Từ Liêm, Hà Nội",Đang hoạt động (đã được cấp GCN ĐKT),16/07/2025,Hoạt động dịch vụ hỗ trợ kinh doanh khác còn lại chưa được phân vào đâu,https://infodoanhnghiep.com/thong-tin/Cong-Ty-TNHH-Xuat-Nhap-Khau-Va-Thuong-Mai-Quoc-Te-Thinh-Phat-26015.html
DOANH NGHIỆP TƯ NHÂN VIETNAM FLASH TOUR,,111126110,"9E Đinh Liệt, Phường Hoàn Kiếm, Hà Nội",Đang hoạt động (đã được cấp GCN ĐKT),16/07/2025,Dịch vụ đặt chỗ và các dịch vụ hỗ trợ liên quan đến quảng bá và tổ chức tua du lịch,https://infodoanhnghiep.com/thong-tin/Doanh-Nghiep-Tu-Nhan-Vietnam-Flash-Tour-26110.html
CÔNG TY TNHH YẾN VIETNEST,,111122959,"524 Nguyễn Trãi, Phường Thanh Xuân, Hà Nội",Đang hoạt động (đã được cấp GCN ĐKT),15/07/2025,Bán buôn thực phẩm,https://infodoanhnghiep.com/thong-tin/Cong-Ty-TNHH-Yen-Vietnest-22959.html
CÔNG TY TNHH SẢN XUẤT VÀ PHÂN PHỐI TECH AIR,,111119850,"Tầng 4, tòa nhà Hòa Bình GreenCity, 505 Minh Khai, Phường Vĩnh Tuy, Hà Nội",Đang hoạt động (đã được cấp GCN ĐKT),11/7/2025,Hoạt động dịch vụ hỗ trợ kinh doanh khác còn lại chưa được phân vào đâu,https://infodoanhnghiep.com/thong-tin/Cong-Ty-TNHH-San-Xuat-Va-Phan-Phoi-Tech-Air-19850.html
CÔNG TY TNHH THỰC PHẨM QUÂN NGUYỄN,THỰC PHẨM QUẦN NGUYỄN,111117028,"Số 279, đường Hoàng Quốc Việt, Phường Nghĩa Đô, Hà Nội",Đang hoạt động (đã được cấp GCN ĐKT),8/7/2025,"Sản xuất món ăn, thức ăn chế biến sẵn",https://infodoanhnghiep.com/thong-tin/Cong-Ty-TNHH-Thuc-Pham-Quan-Nguyen-17028.html
CÔNG TY TNHH ĐẦU TƯ & THƯƠNG MẠI VĂN ĐIỂM,"VAN DIEM TRADING & INVESTMENT CO.,LTD",111117155,"Số nhà 1, ngõ 14, đường Hoa Thám, Xã An Khánh, Hà Nội",Đang hoạt động (đã được cấp GCN ĐKT),7/7/2025,Hoạt động dịch vụ công nghệ thông tin và dịch vụ khác liên quan đến máy vi tính,https://infodoanhnghiep.com/thong-tin/Cong-Ty-TNHH-Dau-Tu-Thuong-Mai-Van-Diem-17155.html
CÔNG TY TNHH THƯƠNG MẠI QUANG VINH PHÁT,,111117162,"Thôn Nội, Xã Hoài Đức, Hà Nội",Đang hoạt động (đã được cấp GCN ĐKT),7/7/2025,Sản xuất các loại bánh từ bột,https://infodoanhnghiep.com/thong-tin/Cong-Ty-TNHH-Thuong-Mai-Quang-Vinh-Phat-17162.html
CÔNG TY TNHH DỊCH VỤ THƯƠNG MẠI KẾ THANH,"KE THANH TRADING SERVICES CO.,LTD",111117123,"Số nhà 7B, ngõ 50/06 đường Hoa Thám, Xã An Khánh, Hà Nội",Đang hoạt động (đã được cấp GCN ĐKT),7/7/2025,,https://infodoanhnghiep.com/thong-tin/Cong-Ty-TNHH-Dich-Vu-Thuong-Mai-Ke-Thanh-17123.html
CÔNG TY TNHH TMDV VẠN NHÂN,"VAN NHAN TMDV CO.,LTD",111117109,"Số nhà 77 đường Hoa Thám, Xã An Khánh, Hà Nội",Đang hoạt động (đã được cấp GCN ĐKT),7/7/2025,Hoạt động dịch vụ công nghệ thông tin và dịch vụ khác liên quan đến máy vi tính,https://infodoanhnghiep.com/thong-tin/Cong-Ty-TNHH-TMDV-Van-Nhan-17109.html
CÔNG TY TNHH ĐẦU TƯ & THƯƠNG MẠI VẠN NHÂN,"VAN NHAN TRADING & INVESTMENT CO.,LTD",111117116,"Số nhà 75 đường Hoa Thám, Xã An Khánh, Hà Nội",Đang hoạt động (đã được cấp GCN ĐKT),7/7/2025,Hoạt động dịch vụ công nghệ thông tin và dịch vụ khác liên quan đến máy vi tính,https://infodoanhnghiep.com/thong-tin/Cong-Ty-TNHH-Dau-Tu-Thuong-Mai-Van-Nhan-17116.html
CÔNG TY TNHH TRUYỀN THÔNG SỰ KIỆN SUN FLOWERS,,111117010,"Tầng 4, Số D2 - TT14, Khu đô thị Văn Quán, Phường Hà Đông, Hà Nội",Đang hoạt động (đã được cấp GCN ĐKT),7/7/2025,,https://infodoanhnghiep.com/thong-tin/Cong-Ty-TNHH-Truyen-Thong-Su-Kien-Sun-Flowers-17010.html
CÔNG TY TNHH COWORKING MOBILE,,111117035,"Tầng 7, Toà TQ Building, Ngõ 286 Nguyễn Xiển, Phường Thanh Liệt, Hà Nội",Đang hoạt động (đã được cấp GCN ĐKT),7/7/2025,"Kinh doanh bất động sản, quyền sử dụng đất thuộc chủ sở hữu, chủ sử dụng hoặc đi thuê",https://infodoanhnghiep.com/thong-tin/Cong-Ty-TNHH-Coworking-Mobile-17035.html
CÔNG TY TRÁCH NHIỆM HỮU HẠN TƯ VẤN PHÁP LÝ KINH DOANH VIỆT NAM,BLC LLC,111113062,"sốll Cửa Bắc, Phường Trúc Bạch, Quận Ba Đình, Hà Nội",Đang hoạt động (đã được cấp GCN ĐKT),28/06/2025,Hoạt động tư vấn quản lý,https://infodoanhnghiep.com/thong-tin/Cong-Ty-Trach-Nhiem-Huu-Han-Tu-Van-Phap-Ly-Kinh-Doanh-Viet-Nam-13062.html
CÔNG TY TNHH BẢO MINH NGUYÊN,BAO MINH NGUYÊN COMPANY,111114838,"Số 82, ngõ 108 phố Ngọc Hà, Phường Ngọc Hà, Quận Ba Đình, Hà Nội",Đang hoạt động (đã được cấp GCN ĐKT),28/06/2025,Dịch vụ ăn uống khác,https://infodoanhnghiep.com/thong-tin/Cong-Ty-TNHH-Bao-Minh-Nguyen-14838.html
CÔNG TY TNHH AN ACADEMY VIETNAM,,111113672,"4BT2 Khu đô thị Vinaconex 3 Trung Văn, Phường Trung Văn, Quận Nam Từ Liêm, Hà Nội",Đang hoạt động (đã được cấp GCN ĐKT),28/06/2025,Giáo dục khác chưa được phân vào đâu,https://infodoanhnghiep.com/thong-tin/Cong-Ty-TNHH-An-Academy-Vietnam-13672.html
CÔNG TY TNHH CỐC GIẤY TÂM VIỆT,,111114796,"Số nhà 31, Ngách 16/61, Đường Đỗ Xuân Hợp, TDP 15 Tân Mỹ, Phường Mỹ Đình 1, Quận Nam Từ Liêm, Hà Nội",Đang hoạt động (đã được cấp GCN ĐKT),28/06/2025,"Sản xuất giấy nhăn, bìa nhăn, bao bì từ giấy và bìa",https://infodoanhnghiep.com/thong-tin/Cong-Ty-TNHH-Coc-Giay-Tam-Viet-14796.html
CÔNG TY CỔ PHẦN TRUYỀN THÔNG VÀ THƯƠNG MẠI MORIX AGENCY,"MORIX AGENCY COMMUNICATION AND TRADING .,JSC",111114517,"Số 3B ngõ 495 đường Nguyễn Trãi, Phường Thanh Xuân Bắc, Quận Thanh Xuân, Hà Nội",Đang hoạt động (đã được cấp GCN ĐKT),28/06/2025,Cổng thông tin,https://infodoanhnghiep.com/thong-tin/Cong-Ty-Co-Phan-Truyen-Thong-Va-Thuong-Mai-Morix-Agency-14517.html
CÔNG TY TNHH THƯƠNG MẠI VÀ DỊCH VỤ HIỂU MINH,,111115140,"SỐ16 Đường Bờ Sông Sét, Phường Thịnh Liệt, Quận Hoàng Mai, Hà Nội",Đang hoạt động (đã được cấp GCN ĐKT),28/06/2025,Bán buôn đồ dùng khác cho gia đình,https://infodoanhnghiep.com/thong-tin/Cong-Ty-TNHH-Thuong-Mai-Va-Dich-Vu-Hieu-Minh-15140.html
CÔNG TY TNHH SẢN XUẤT VÀ DỊCH VỤ GT,,111115285,"SỐ101 ngõ 219 phố Định Công Thượng, Phường Định Công, Quận Hoàng Mai, Hà Nội",Đang hoạt động (đã được cấp GCN ĐKT),28/06/2025,"Cưa, xẻ, bào gỗ và bảo quản gỗ",https://infodoanhnghiep.com/thong-tin/Cong-Ty-TNHH-San-Xuat-Va-Dich-Vu-Gt-15285.html
CÔNG TY TNHH ĐẦU TƯ PHÁT TRIỂN GIÁO DỤC TIẾNG NHẬT EDO SENTA,"EDO SENTA JAPANESE EDU CO., LTD",111114933,"Ô DV 3, Khu nhà ở cao cấp Ngôi nhà mới, Thị Trấn Quốc Oai, Huyện Quốc Oai, Hà Nội",Đang hoạt động (đã được cấp GCN ĐKT),28/06/2025,Giáo dục khác chưa được phân vào đâu,https://infodoanhnghiep.com/thong-tin/Cong-Ty-TNHH-Dau-Tu-Phat-Trien-Giao-Duc-Tieng-Nhat-Edo-Senta-14933.html
CÔNG TY TNHH DỊCH VỤ VÀ THƯƠNG MẠI HTD 25,"HTD 25 CO.,LTD",111115045,"Số nhà 92tổ 13 Mậu Lương, Phường Kiến Hưng, Quận Hà Đông, Hà Nội",Đang hoạt động (đã được cấp GCN ĐKT),28/06/2025,"Bán buôn vật liệu, thiết bị lắp đặt khác trong xây dựng",https://infodoanhnghiep.com/thong-tin/Cong-Ty-TNHH-Dich-Vu-Va-Thuong-Mai-Htd-25-15045.html
CÔNG TY TNHH ĐẦU TƯ PHÁT TRIỂN THƯƠNG MẠI HẠNH HUY,,111115038,"Số 189 đường Vạn Phúc, Phường Vạn Phúc, Quận Hà Đông, Hà Nội",Đang hoạt động (đã được cấp GCN ĐKT),28/06/2025,"Bán buôn sản phẩm thuốc lá, thuốc lào",https://infodoanhnghiep.com/thong-tin/Cong-Ty-TNHH-Dau-Tu-Phat-Trien-Thuong-Mai-Hanh-Huy-15038.html
CÔNG TY TNHH THƯƠNG MẠI VÀ SẢN XUẤT PHỤ KIỆN NGÀNH CỬA ĐỖ LƯƠNG GIA,,111114997,"Số 6 Ngách 61/123, Đường Vạn Phúc, Phường Vạn Phúc, Quận Hà Đông, Hà Nội",Đang hoạt động (đã được cấp GCN ĐKT),28/06/2025,Sản xuất khác chưa được phân vào đâu,https://infodoanhnghiep.com/thong-tin/Cong-Ty-TNHH-Thuong-Mai-Va-San-Xuat-Phu-Kien-Nganh-Cua-Do-Luong-Gia-14997.html
CÔNG TY TNHH KINH DOANH XUẤT NHẬP KHẨU VÀ THƯƠNG MẠI QUANG MINH,,111114972,"Số nhà 4 ngõ 2, Phố Tô Hiến Thành, Phường Phúc La, Quận Hà Đông, Hà Nội",Đang hoạt động (đã được cấp GCN ĐKT),28/06/2025,"Bán buôn vật liệu, thiết bị lắp đặt khác trong xây dựng",https://infodoanhnghiep.com/thong-tin/Cong-Ty-TNHH-Kinh-Doanh-Xuat-Nhap-Khau-Va-Thuong-Mai-Quang-Minh-14972.html
CÔNG TY TNHH DỊCH VỤ VÀ ĐÀO TẠO HÀ AN,"HA AN SERVICE AND TRAINING CO., LTD",111114958,"Số 3 LK27 Khu đô thị Văn Phú, Phường Phú La, Quận Hà Đông, Hà Nội",Đang hoạt động (đã được cấp GCN ĐKT),28/06/2025,May trang phục (trừ trang phục từ da lông thú),https://infodoanhnghiep.com/thong-tin/Cong-Ty-TNHH-Dich-Vu-Va-Dao-Tao-Ha-An-14958.html
CÔNG TY TNHH SẢN XUẤT VÀ THƯƠNG MẠI ISPVN,,111114965,"Lô C63-LK19, ô số 10, khu c, khu đô thị Gelexomco Lê Trọng Tấn, Phường Dương Nội, Quận Hà Đông, Hà Nội",Đang hoạt động (đã được cấp GCN ĐKT),28/06/2025,"Bán buôn thiết bị và linh kiện điện tử, viễn thông",https://infodoanhnghiep.com/thong-tin/Cong-Ty-TNHH-San-Xuat-Va-Thuong-Mai-Ispvn-14965.html
CÔNG TY TNHH DTECH MEDIA,"DTEM CO., LTD",111114161,"Liền kề 28, KĐT Romantic Park, phố Lưu Cơ, Phường Xuân Đỉnh, Quận Bắc Từ Liêm, Hà Nội",Đang hoạt động (đã được cấp GCN ĐKT),28/06/2025,Dịch vụ liên quan đến in,https://infodoanhnghiep.com/thong-tin/Cong-Ty-TNHH-Dtech-Media-14161.html
CÔNG TY TNHH 526 HOLDINGS,,111113760,"Số 63, ngõ 33, phố Đoàn Quang Dung, Thị Trấn Trâu Quỳ, Huyện Gia Lâm, Hà Nội",Đang hoạt động (đã được cấp GCN ĐKT),28/06/2025,Xây dựng nhà để ở,https://infodoanhnghiep.com/thong-tin/Cong-Ty-TNHH-526-Holdings-13760.html
CÔNG TY TNHH LAB ANH TUẤN,"ANH TUAN LAB CO., LTD",111113778,"Số nhà 48, đường Giáp Hải, Xã Bát Tràng, Huyện Gia Lâm, Hà Nội",Đang hoạt động (đã được cấp GCN ĐKT),28/06/2025,"Sản xuất thiết bị, dụng cụ y tế, nha khoa, chỉnh hình và phục hồi chức năng",https://infodoanhnghiep.com/thong-tin/Cong-Ty-TNHH-Lab-Anh-Tuan-13778.html
CÔNG TY TNHH K6 MEDIA,K6 MEDIA,111114203,"Số nhà 32, ngách 15, ngõ 106, đường Hoàng Quốc Việt, Phường cổ Nhuế 1, Quận Bắc Từ Liêm, Hà Nội",Đang hoạt động (đã được cấp GCN ĐKT),28/06/2025,Quảng cáo,https://infodoanhnghiep.com/thong-tin/Cong-Ty-TNHH-K6-Media-14203.html
CÔNG TY CỔ PHẦN TRƯỜNG PHÁT VIS,,111114348,"Số 329 Thôn Đại Quang, Xã Sơn Đông, Thị Xã Sơn Tây, Hà Nội",Đang hoạt động (đã được cấp GCN ĐKT),28/06/2025,Gia công cơ khí; xử lý và tráng phủ kim loại,https://infodoanhnghiep.com/thong-tin/Cong-Ty-Co-Phan-Truong-Phat-Vis-14348.html
CÔNG TY TNHH HẢI TIẾN GOLF NEW,"HAI TIEN GOLF NEW CO., LTD",111114267,"Nhà Fll-Khu B, Đường Đại học Mỏ địa chất, Tổ dân phố 4, Phường cổ Nhuế 2, Quận Bắc Từ Liêm, Hà Nội",Đang hoạt động (đã được cấp GCN ĐKT),28/06/2025,Hoạt động của các cơ sở thể thao,https://infodoanhnghiep.com/thong-tin/Cong-Ty-TNHH-Hai-Tien-Golf-New-14267.html
CÔNG TY CỔ PHẦN KIẾN TRÚC VÀ NỘI THẤT LIVE HOME,,111111298,"Số 2, ngõ 277 Vũ Tông Phan, Phường Khương Trung, Quận Thanh Xuân, Hà Nội",Đang hoạt động (đã được cấp GCN ĐKT),27/06/2025,Hoạt động kiến trúc và tư vấn kỹ thuật có liên quan,https://infodoanhnghiep.com/thong-tin/Cong-Ty-Co-Phan-Kien-Truc-Va-Noi-That-Live-Home-11298.html
CÔNG TY CỔ PHẦN CÔNG NGHỆ NỘI ĐỊA TOÀN CẦU,,111111273,"Số 46, phố Nguy Như Kon Tum, Phường Nhân Chính, Quận Thanh Xuân, Hà Nội",Đang hoạt động (đã được cấp GCN ĐKT),27/06/2025,Xuất bản phần mềm,https://infodoanhnghiep.com/thong-tin/Cong-Ty-Co-Phan-Cong-Nghe-Noi-Dia-Toan-Cau-11273.html
CÔNG TY TNHH ANT CLOUD,"ANT CLOUD CO.,LTD",111111594,"Tầng 6, nhà số 3 ngõ 171 Minh Khai, Phường Minh Khai, Quận Hai Bà Trưng, Hà Nội",Đang hoạt động (đã được cấp GCN ĐKT),27/06/2025,Quảng cáo,https://infodoanhnghiep.com/thong-tin/Cong-Ty-TNHH-Ant-Cloud-11594.html
CÔNG TY TNHH SKY UK ENTERTAINMENT,"SKY UK ENTERTAINMENT CO., LTD",111111629,"Số 28 ngõ 403 phố Bạch Mai, Phường Trương Định, Quận Hai Bà Trưng, Hà Nội",Đang hoạt động (đã được cấp GCN ĐKT),27/06/2025,"Hoạt động sáng tác, nghệ thuật và giải trí",https://infodoanhnghiep.com/thong-tin/Cong-Ty-TNHH-Sky-Uk-Entertainment-11629.html
CÔNG TY TNHH CHĂN GA GỐI HANSOO,HANSOO,111111548,"Số 5 ngõ 158 Trương Định, Phường Trương Định, Quận Hai Bà Trưng, Hà Nội",Đang hoạt động (đã được cấp GCN ĐKT),27/06/2025,"Sản xuất thảm, chăn, đệm",https://infodoanhnghiep.com/thong-tin/Cong-Ty-TNHH-Chan-Ga-Goi-Hansoo-11548.html
CÔNG TY TNHH SOL EDUCATION VIỆT NAM,"SOL EDUCATION VIET NAM CO., LTD",111111555,"Căn 2- nhà KlTập thể cơ khí Trần Hưng Đạo, Phường Đồng Nhân, Quận Hai Bà Trưng, Hà Nội",Đang hoạt động (đã được cấp GCN ĐKT),27/06/2025,Dịch vụ hỗ trợ giáo dục,https://infodoanhnghiep.com/thong-tin/Cong-Ty-TNHH-Sol-Education-Viet-Nam-11555.html
CÔNG TY TNHH ĐẦU TƯ VÀ THƯƠNG MẠI KỲ NAM,,111109732,"Thôn Thuận Tốn, Xã Đa Tốn, Huyện Gia Lâm, Hà Nội",Đang hoạt động (đã được cấp GCN ĐKT),27/06/2025,"Bán phụ tùng và các bộ phận phụ trợ của mô tô, xe máy",https://infodoanhnghiep.com/thong-tin/Cong-Ty-TNHH-Dau-Tu-Va-Thuong-Mai-Ky-Nam-09732.html
CÔNG TY TNHH TECLA,,111109323,"No03-B4, TĐC Giang Biên, Long Biên, Hà Nội, Phường Giang Biên, Quận Long Biên, Hà Nội",Đang hoạt động (đã được cấp GCN ĐKT),27/06/2025,Dịch vụ hỗ trợ giáo dục,https://infodoanhnghiep.com/thong-tin/Cong-Ty-TNHH-Tecla-09323.html
CÔNG TY TNHH TMDV NGỌC KHÁNH HC,"NGOC KHANH HC CO., LTD",111109789,"Số 10e ngõ 201/62 Đường Phúc Lợi, Phường Phúc Lợi, Quận Long Biên, Hà Nội",Đang hoạt động (đã được cấp GCN ĐKT),27/06/2025,Bán phụ tùng và các bộ phận phụ trợ của ô tô và xe có động cơ khác,https://infodoanhnghiep.com/thong-tin/Cong-Ty-TNHH-TMDV-Ngoc-Khanh-Hc-09789.html
CÔNG TY TNHH SẢN XUẤT VÀ THƯƠNG MẠI DỊCH VỤ LIENA CLOSET,"LIENA CLOSET CO., LTD",111107291,"Số nhà 4, ngách 2, ngõ 1 đường Xóm Chùa thôn Kim Bài, Thị Trấn Kim Bài, Huyện Thanh Oai, Hà Nội",Đang hoạt động (đã được cấp GCN ĐKT),26/06/2025,May trang phục (trừ trang phục từ da lông thú),https://infodoanhnghiep.com/thong-tin/Cong-Ty-TNHH-San-Xuat-Va-Thuong-Mai-Dich-Vu-Liena-Closet-07291.html
CÔNG TY TNHH KINH DOANH THƯƠNG MẠI DỊCH VỤ VIỆT TOÀN,,111107090,"SỐ01 ngõ 74tổ 11, phố Thượng Thanh, Phường Thượng Thanh, Quận Long Biên, Hà Nội",Đang hoạt động (đã được cấp GCN ĐKT),26/06/2025,Bán lẻ hàng hóa khác mới trong các cửa hàng chuyên doanh,https://infodoanhnghiep.com/thong-tin/Cong-Ty-TNHH-Kinh-Doanh-Thuong-Mai-Dich-Vu-Viet-Toan-07090.html
CÔNG TY TNHH THƯƠNG MẠI HÀNG NGUYÊN,,111107728,"Số nhà 64, Xóm Mới, Thôn Văn Hội, Xã Văn Hoàng, Huyện Phú Xuyên, Hà Nội",Đang hoạt động (đã được cấp GCN ĐKT),26/06/2025,"Bán buôn vải, hàng may mặc, giày dép",https://infodoanhnghiep.com/thong-tin/Cong-Ty-TNHH-Thuong-Mai-Hang-Nguyen-07728.html
CÔNG TY TNHH CÔNG NGHỆ ĐIỆN MÁY LÊ MẠNH,"LE MANH ELECTRICAL MECHANICAL TECHNOLOGY CO., LTD",111106234,"Liền ke 18/40, Khu đô thị Kim Chung - Di Trạch, Xã Kim Chung, Huyện Hoài Đức, Hà Nội",Đang hoạt động (đã được cấp GCN ĐKT),26/06/2025,,https://infodoanhnghiep.com/thong-tin/Cong-Ty-TNHH-Cong-Nghe-Dien-May-Le-Manh-06234.html
CÔNG TY TNHH SXTM NGỌC ANH,"SXTM NGOC ANH CO., LTD",111108030,"Số 7, ngõ 51, đường La Phù, Thôn Chùa Tổng, Xã La Phù, Huyện Hoài Đức, Hà Nội",Đang hoạt động (đã được cấp GCN ĐKT),26/06/2025,Bán buôn tổng hợp,https://infodoanhnghiep.com/thong-tin/Cong-Ty-TNHH-Sxtm-Ngoc-Anh-08030.html
CÔNG TY TNHH THƯƠNG MẠI ĐIỆN MÁY HUYỀN CƯƠNG,"HUYEN CUONG CO., LTD",111109468,"Thôn 5, Xã Trung Châu, Huyện Đan Phượng, Hà Nội",Đang hoạt động (đã được cấp GCN ĐKT),26/06/2025,"Bán lẻ đồ điện gia dụng, giường, tủ, bàn, ghế và đồ nội thất tương tự, đèn và bộ đèn điện, đồ dùng gia đình khác chưa được phân vào đâu trong các cửa hàng chuyên doanh",https://infodoanhnghiep.com/thong-tin/Cong-Ty-TNHH-Thuong-Mai-Dien-May-Huyen-Cuong-09468.html
CÔNG TY TNHH ĐIỆN MẶT TRỜI PHÚ XUYÊN,,111108915,"Tiểu Khu Mỹ Lâm, Thị Trấn Phú Xuyên, Huyện Phú Xuyên, Hà Nội",Đang hoạt động (đã được cấp GCN ĐKT),26/06/2025,Lắp đặt hệ thống điện,https://infodoanhnghiep.com/thong-tin/Cong-Ty-TNHH-Dien-Mat-Troi-Phu-Xuyen-08915.html
CÔNG TY CỔ PHẦN LK HÀ NỘI,,111108665,"Tầng 1, nhà Sốl3 Đào Duy Từ, Phường Hàng Buồm, Quận Hoàn Kiếm, Hà Nội",Đang hoạt động (đã được cấp GCN ĐKT),26/06/2025,"Kinh doanh bất động sản, quyền sử dụng đất thuộc chủ sở hữu, chủ sử dụng hoặc đi thuê",https://infodoanhnghiep.com/thong-tin/Cong-Ty-Co-Phan-Lk-Ha-Noi-08665.html
CÔNG TY TNHH SORA TECHNOLOGIES,"SORA TECHNOLOGIES CO., LTD",111107982,"Số 11, hẻm 74/13, ngõ Thịnh Hào 1, đường Tôn Đức Thắng, Phường Hàng Bột, Quận Đống đa, Hà Nội",Đang hoạt động (đã được cấp GCN ĐKT),26/06/2025,Lập trình máy vi tính,https://infodoanhnghiep.com/thong-tin/Cong-Ty-TNHH-Sora-Technologies-07982.html
CÔNG TY TNHH TƯ VẤN VÀ THƯƠNG MẠI SUNRISE,"SUNRISE CONSULTING AND TRADING CO.,LTD",111108859,"Tầng 6, Tòa nhà Icon 4, số 243A Đê La Thành, Phường Láng Thượng, Quận Đống đa, Hà Nội",Đang hoạt động (đã được cấp GCN ĐKT),26/06/2025,Hoạt động dịch vụ hỗ trợ kinh doanh khác còn lại chưa được phân vào đâu,https://infodoanhnghiep.com/thong-tin/Cong-Ty-TNHH-Tu-Van-Va-Thuong-Mai-Sunrise-08859.html
CÔNG TY TNHH XE ĐẠP HÙNG ANH,HUNG ANH BICYCLE,111107277,"Số 153 đường Nhật Chiêu, Phường Nhật Tân, Quận Tây Hồ, Hà Nội",Đang hoạt động (đã được cấp GCN ĐKT),26/06/2025,Bán lẻ hàng hóa khác mới trong các cửa hàng chuyên doanh,https://infodoanhnghiep.com/thong-tin/Cong-Ty-TNHH-Xe-Dap-Hung-Anh-07277.html
CÔNG TY TNHH ĐẠT AN DƯƠNG,,111107252,"số 126 ngách 32 ngõ 76 Phố An Dương, Phường Yên Phụ, Quận Tây Hồ, Hà Nội",Đang hoạt động (đã được cấp GCN ĐKT),26/06/2025,Bán buôn thực phẩm,https://infodoanhnghiep.com/thong-tin/Cong-Ty-TNHH-Dat-An-Duong-07252.html
CÔNG TY CỔ PHẦN HAPPY ECO,HAPPYECO.JSC,111107189,"Số nhà 17, ngõ 264, Đường Âu Cơ, Phường Nhật Tân, Quận Tây Hồ, Hà Nội",Đang hoạt động (đã được cấp GCN ĐKT),26/06/2025,"Tư vấn, môi giới, đấu giá bất động sản, đấu giá quyền sử dụng đất",https://infodoanhnghiep.com/thong-tin/Cong-Ty-Co-Phan-Happy-Eco-07189.html
CÔNG TY CỔ PHẦN SHAHA OMNIA GROUP,"SHAHA OMNIA GROUP., JSC",111107220,"Số 64 ngõ 210A đường Võ Chí Công, Phường Xuân La, Quận Tây Hồ, Hà Nội",Đang hoạt động (đã được cấp GCN ĐKT),26/06/2025,"Bán buôn máy móc, thiết bị và phụ tùng máy khác",https://infodoanhnghiep.com/thong-tin/Cong-Ty-Co-Phan-Shaha-Omnia-Group-07220.html
CÔNG TY TNHH MTV TD VÂN ANH,"VAN ANH TD MTV CO., LTD",111109002,"Số Nhà 19, Ngõ 185/19, Đường Dương Đức Hiền, Xã Phú Sơn, Huyện Gia Lâm, Hà Nội",Đang hoạt động (đã được cấp GCN ĐKT),26/06/2025,Bán buôn tổng hợp,https://infodoanhnghiep.com/thong-tin/Cong-Ty-TNHH-MTV-Td-Van-Anh-09002.html
CÔNG TY TNHH NAM PHÁT 86,,111108979,"Số 7 đường Thành Trung, Thị Trấn Trâu Quỳ, Huyện Gia Lâm, Hà Nội",Đang hoạt động (đã được cấp GCN ĐKT),26/06/2025,Bán buôn thực phẩm,https://infodoanhnghiep.com/thong-tin/Cong-Ty-TNHH-Nam-Phat-86-08979.html
CÔNG TY TNHH LITA MEDIA,LITAMEDIA,111108986,"Căn 63, Sao Biển 23, KĐT Vinhomes Ocean Park, Xã Dương Xá, Huyện Gia Lâm, Hà Nội",Đang hoạt động (đã được cấp GCN ĐKT),26/06/2025,Quảng cáo,https://infodoanhnghiep.com/thong-tin/Cong-Ty-TNHH-Lita-Media-08986.html
CÔNG TY CỔ PHẦN THƯƠNG MẠI PHÁT TRIỂN ĐẦU TƯ BÌNH AN,BINH AN INDETRA,111109443,"Số 17, phố Trần Hưng Đạo, Phường Phan Chu Trinh, Quận Hoàn Kiếm, Hà Nội",Đang hoạt động (đã được cấp GCN ĐKT),26/06/2025,"Kinh doanh bất động sản, quyền sử dụng đất thuộc chủ sở hữu, chủ sử dụng hoặc đi thuê",https://infodoanhnghiep.com/thong-tin/Cong-Ty-Co-Phan-Thuong-Mai-Phat-Trien-Dau-Tu-Binh-An-09443.html
CÔNG TY TNHH CD TAILOR SÀI GÒN,"CD TAILOR SAI GON CO., LTD",111108961,"Số 1 Phố Vọng Đức, Phường Hàng Bài, Quận Hoàn Kiếm, Hà Nội",Đang hoạt động (đã được cấp GCN ĐKT),26/06/2025,,https://infodoanhnghiep.com/thong-tin/Cong-Ty-TNHH-Cd-Tailor-Sai-Gon-08961.html
CÔNG TY TNHH THƯƠNG MẠI SEAFOOD NAM PHONG,"SEAFOOD NAM PHONG CO., LTD",111108619,"Số 3/661/25/2 phố Bạch Đằng, Phường Chương Dương, Quận Hoàn Kiếm, Hà Nội",Đang hoạt động (đã được cấp GCN ĐKT),26/06/2025,Bán lẻ thực phẩm trong các cửa hàng chuyên doanh,https://infodoanhnghiep.com/thong-tin/Cong-Ty-TNHH-Thuong-Mai-Seafood-Nam-Phong-08619.html
CÔNG TY CỔ PHẦN DU LỊCH LILY,LILYTRAVEL,111109475,"Số nhà 16A phố Lý Nam Đe, Phường Hàng Mã, Quận Hoàn Kiếm, Hà Nội",Đang hoạt động (đã được cấp GCN ĐKT),26/06/2025,Đại lý du lịch,https://infodoanhnghiep.com/thong-tin/Cong-Ty-Co-Phan-Du-Lich-Lily-09475.html
CÔNG TY TNHH DU LỊCH GOLDEN VISA,,111108457,"Tầng 4Tòa nhà Vimeco, Lô E9 đường Phạm Hùng, Phường Trung Hòa, Quận Cầu Giấy, Hà Nội",Đang hoạt động (đã được cấp GCN ĐKT),26/06/2025,Đại lý du lịch,https://infodoanhnghiep.com/thong-tin/Cong-Ty-TNHH-Du-Lich-Golden-Visa-08457.html
CÔNG TY TNHH LUMIE DESIGN,,111106805,"Pllh5, TT ĐH Sư Phạm, Tổ 8, Ngõ 130 Xuân Thủy, Phường Dịch Vọng Hậu, Quận Cầu Giấy, Hà Nội",Đang hoạt động (đã được cấp GCN ĐKT),25/06/2025,Hoạt động thiết kế chuyên dụng,https://infodoanhnghiep.com/thong-tin/Cong-Ty-TNHH-Lumie-Design-06805.html
CÔNG TY TNHH XÂY DỰNG TTC VIỆT NAM,"TTC VN CONSTRUCTION CO., LTD",111106795,"Nhà số 7, A18, ngõ 26 phố Nghĩa Tân, Phường Nghĩa Tân, Quận Cầu Giấy, Hà Nội",Đang hoạt động (đã được cấp GCN ĐKT),25/06/2025,Hoàn thiện công trình xây dựng,https://infodoanhnghiep.com/thong-tin/Cong-Ty-TNHH-Xay-Dung-Ttc-Viet-Nam-06795.html
CÔNG TY TNHH ĐẦU TƯ NHÂN LỰC QUỐC TẾ TP GROUP,"TP GROUP INTERNATIONAL HUMAN RESOURCES INVESTMENT CO.,LTD",111106770,"Số 40 Ngõ 255 Phố Yên Hoà, Phường Yên Hoà, Quận Cầu Giấy, Hà Nội",Đang hoạt động (đã được cấp GCN ĐKT),25/06/2025,Hoạt động hỗ trợ dịch vụ tài chính chưa được phân vào đâu,https://infodoanhnghiep.com/thong-tin/Cong-Ty-TNHH-Dau-Tu-Nhan-Luc-Quoc-Te-Tp-Group-06770.html
CÔNG TY TNHH KINH DOANH VÀ THƯƠNG MẠI VNT VIỆT NAM,"VNT VIETNAM BUSINESS AND TRADING CO.,LTD",111106763,"Số 229 Đường Trần Đăng Ninh, Phường Dịch Vọng, Quận Cầu Giấy, Hà Nội",Đang hoạt động (đã được cấp GCN ĐKT),25/06/2025,Bán lẻ thực phẩm trong các cửa hàng chuyên doanh,https://infodoanhnghiep.com/thong-tin/Cong-Ty-TNHH-Kinh-Doanh-Va-Thuong-Mai-Vnt-Viet-Nam-06763.html
CÔNG TY TNHH MỪNG TRẦN,"MUNG TRAN CO., LTD",111104389,"Khu Đông, Thôn Dục Nội, Xã Việt Hùng, Huyện Đông Anh, Hà Nội",Đang hoạt động (đã được cấp GCN ĐKT),25/06/2025,Giáo dục khác chưa được phân vào đâu,https://infodoanhnghiep.com/thong-tin/Cong-Ty-TNHH-Mung-Tran-04389.html
CÔNG TY TNHH CUNG ỨNG NAGATECH,NAGATECH,111104533,"Số nhà 17, Phố Vân Trì, Xã Vân Nội, Huyện Đông Anh, Hà Nội",Đang hoạt động (đã được cấp GCN ĐKT),25/06/2025,"Bán buôn máy móc, thiết bị và phụ tùng máy khác",https://infodoanhnghiep.com/thong-tin/Cong-Ty-TNHH-Cung-Ung-Nagatech-04533.html
CÔNG TY CỔ PHẦN EASY GUITAR,,111106410,"Số 36, Ngõ 120, Đường Trường Chinh, Phường Phương Mai, Quận Đống đa, Hà Nội",Đang hoạt động (đã được cấp GCN ĐKT),25/06/2025,Giáo dục văn hoá nghệ thuật,https://infodoanhnghiep.com/thong-tin/Cong-Ty-Co-Phan-Easy-Guitar-06410.html
CÔNG TY TNHH TM & XNK ZL,,111105294,"Số 56, đường 16, Xã Phù Lỗ, Huyện Sóc Sơn, Hà Nội",Đang hoạt động (đã được cấp GCN ĐKT),25/06/2025,"Bán lẻ đồ điện gia dụng, giường, tủ, bàn, ghế và đồ nội thất tương tự, đèn và bộ đèn điện, đồ dùng gia đình khác chưa được phân vào đâu trong các cửa hàng chuyên doanh",https://infodoanhnghiep.com/thong-tin/Cong-Ty-TNHH-TM-XNK-Zl-05294.html
CÔNG TY TNHH ĐIỆN TỬ BẠCH KIM,"BACH KIM ELECTRONICS CO., LTD",111103716,"Số 134 Đường Nguyễn Hoàng Tôn, Phường Xuân La, Quận Tây Hồ, Hà Nội",Đang hoạt động (đã được cấp GCN ĐKT),25/06/2025,"Bán buôn thiết bị và linh kiện điện tử, viễn thông",https://infodoanhnghiep.com/thong-tin/Cong-Ty-TNHH-Dien-Tu-Bach-Kim-03716.html
CÔNG TY TNHH THƯƠNG MẠI VÀ DỊCH VỤ DH BEAUTY,"DH BEAUTY CO.,LTD",111101726,"sốll ngõ 66 Vũ Xuân Thiều, Phường Phúc Lợi, Quận Long Biên, Hà Nội",Đang hoạt động (đã được cấp GCN ĐKT),25/06/2025,"Bán lẻ thuốc, dụng cụ y tế, mỹ phẩm và vật phẩm vệ sinh trong các cửa hàng chuyên doanh",https://infodoanhnghiep.com/thong-tin/Cong-Ty-TNHH-Thuong-Mai-Va-Dich-Vu-DH-Beauty-01726.html
CÔNG TY TNHH TM-XNK HÙNG ANH,"HUNG ANH TM-XNK CO.,LTD",111106509,"Số 27 ngõ 466/82 Đường Ngô Gia Tự, Phường Đức Giang, Quận Long Biên, Hà Nội",Đang hoạt động (đã được cấp GCN ĐKT),25/06/2025,Bán buôn ô tô và xe có động cơ khác,https://infodoanhnghiep.com/thong-tin/Cong-Ty-TNHH-Tm-Xnk-Hung-Anh-06509.html
CÔNG TY TNHH MTV THƯƠNG MẠI DỊCH VỤ HL,"HL TRADING SERVICES MTV CO.,LTD",111105833,"Ngõ 20 ngách 66/8 số nhà 23, Thôn Tế Xuyên, Xã Thiên Đức, Huyện Gia Lâm, Hà Nội",Đang hoạt động (đã được cấp GCN ĐKT),25/06/2025,Bán buôn đồ dùng khác cho gia đình,https://infodoanhnghiep.com/thong-tin/Cong-Ty-TNHH-MTV-Thuong-Mai-Dich-Vu-Hl-05833.html
CÔNG TY TNHH ĐẦU TƯ PHÁT TRIỂN THƯƠNG MẠI VÀ DỊCH VỤ PHƯƠNG LINH,,111105819,"Số 56, ngõ 230 Hoàng Long, Xã Đặng Xá, Huyện Gia Lâm, Hà Nội",Đang hoạt động (đã được cấp GCN ĐKT),25/06/2025,Bán buôn đồ dùng khác cho gia đình,https://infodoanhnghiep.com/thong-tin/Cong-Ty-TNHH-Dau-Tu-Phat-Trien-Thuong-Mai-Va-Dich-Vu-Phuong-Linh-05819.html
CÔNG TY TNHH SẢN XUẤT KÉT SẮT SƠN LINH VIỆT TIỆP,,111106227,"Số nhà 12, xóm Chùa, thôn Thống Nhất, Xã Song Phượng, Huyện Đan Phượng, Hà Nội",Đang hoạt động (đã được cấp GCN ĐKT),25/06/2025,Bán buôn tổng hợp,https://infodoanhnghiep.com/thong-tin/Cong-Ty-TNHH-San-Xuat-Ket-Sat-Son-Linh-Viet-Tiep-06227.html
CÔNG TY TNHH THƯƠNG MẠI NHẬT CANH,,111105897,"53 Phố Phùng Hưng, Thị Trấn Phùng, Huyện Đan Phượng, Hà Nội",Đang hoạt động (đã được cấp GCN ĐKT),25/06/2025,Bán buôn đồ dùng khác cho gia đình,https://infodoanhnghiep.com/thong-tin/Cong-Ty-TNHH-Thuong-Mai-Nhat-Canh-05897.html
CÔNG TY TNHH MOTORS TÂN PHÁT,,111106467,"VT18-BT8, Khu nhà ở Xa La, Phường Phúc La, Quận Hà Đông, Hà Nội",Đang hoạt động (đã được cấp GCN ĐKT),25/06/2025,"Bán mô tô, xe máy",https://infodoanhnghiep.com/thong-tin/Cong-Ty-TNHH-Motors-Tan-Phat-06467.html
CÔNG TY TNHH VÀNG BẠC ĐÁ QUÝ NAM SƠN 2,,111105329,"143 Phố Nỷ, Xã Trung Giã, Huyện Sóc Sơn, Hà Nội",Đang hoạt động (đã được cấp GCN ĐKT),25/06/2025,Bán lẻ hàng hóa khác mới trong các cửa hàng chuyên doanh,https://infodoanhnghiep.com/thong-tin/Cong-Ty-TNHH-Vang-Bac-Da-Quy-Nam-Son-2-05329.html
CÔNG TY TNHH VÀNG BẠC CHÍ KHIÊM,,111105449,"Khối 2, Xã Phù Lỗ, Huyện Sóc Sơn, Hà Nội",Đang hoạt động (đã được cấp GCN ĐKT),25/06/2025,Bán lẻ hàng hóa khác mới trong các cửa hàng chuyên doanh,https://infodoanhnghiep.com/thong-tin/Cong-Ty-TNHH-Vang-Bac-Chi-Khiem-05449.html
CÔNG TY TNHH THƯƠNG MẠI ĐỒ GIA DỤNG TOÀN CẦU NHẬT MINH,,111106555,"Số nhà 65A, ngõ 22 Đường Khuyến Lương, Phường Trần Phú, Quận Hoàng Mai, Hà Nội",Đang hoạt động (đã được cấp GCN ĐKT),25/06/2025,"Bán lẻ đồ điện gia dụng, giường, tủ, bàn, ghế và đồ nội thất tương tự, đèn và bộ đèn điện, đồ dùng gia đình khác chưa được phân vào đâu trong các cửa hàng chuyên doanh",https://infodoanhnghiep.com/thong-tin/Cong-Ty-TNHH-Thuong-Mai-Do-Gia-Dung-Toan-Cau-Nhat-Minh-06555.html
CÔNG TY TNHH THẠNH XÊ,,111106322,"Số nhà 21 ngõ 6/6 thôn cổ Giang, Xã Lệ Chi, Huyện Gia Lâm, Hà Nội",Đang hoạt động (đã được cấp GCN ĐKT),25/06/2025,Bán buôn tổng hợp,https://infodoanhnghiep.com/thong-tin/Cong-Ty-TNHH-Thanh-Xe-06322.html
CÔNG TY TNHH TMDV NÔNG NGHIỆP ĐƯỢC MÙA,,111105417,"Thôn An Sơn, Xã Thượng Mỗ, Huyện Đan Phượng, Hà Nội",Đang hoạt động (đã được cấp GCN ĐKT),25/06/2025,Bán buôn chuyên doanh khác chưa được phân vào đâu,https://infodoanhnghiep.com/thong-tin/Cong-Ty-TNHH-TMDV-Nong-Nghiep-Duoc-Mua-05417.html
CÔNG TY TNHH BAO BÌ QUỐC HUY,,111106643,"11 Hoa Viên, KĐT Đặng Xá , Xã Đặng Xá, Huyện Gia Lâm, Hà Nội",Đang hoạt động (đã được cấp GCN ĐKT),25/06/2025,"Sản xuất giấy nhăn, bìa nhăn, bao bì từ giấy và bìa",https://infodoanhnghiep.com/thong-tin/Cong-Ty-TNHH-Bao-Bi-Quoc-Huy-06643.html
CÔNG TY TNHH XUẤT NHẬP KHẨU QUANG TÙNG,,111106435,"Ki ốt 100 Khu sinh thái Minh Thu, Thôn 9, Xã Ninh Hiệp, Huyện Gia Lâm, Hà Nội",Đang hoạt động (đã được cấp GCN ĐKT),25/06/2025,"Bán buôn vải, hàng may mặc, giày dép",https://infodoanhnghiep.com/thong-tin/Cong-Ty-TNHH-Xuat-Nhap-Khau-Quang-Tung-06435.html
CÔNG TY TNHH THƯƠNG MẠI BÍCH ĐOÀN,CÔNG TY BÍCH ĐOÀN,111103699,"Số 99 Võ Chí Công, Phường Xuân La, Quận Tây Hồ, Hà Nội",Đang hoạt động (đã được cấp GCN ĐKT),25/06/2025,Bán buôn kim loại và quặng kim loại,https://infodoanhnghiep.com/thong-tin/Cong-Ty-TNHH-Thuong-Mai-Bich-Doan-03699.html
CÔNG TY TNHH THƯƠNG MẠI SẢN XUẤT PHỤ LIỆU NGÀNH MAY ANH VŨ,"ANH VU GARMENT ACCESSORIES PRODUCTION TRADE CO., LTD",111105826,"Thôn Quy Mông, Xã Yên Thường, Huyện Gia Lâm, Hà Nội",Đang hoạt động (đã được cấp GCN ĐKT),25/06/2025,Bán buôn chuyên doanh khác chưa được phân vào đâu,https://infodoanhnghiep.com/thong-tin/Cong-Ty-TNHH-Thuong-Mai-San-Xuat-Phu-Lieu-Nganh-May-Anh-Vu-05826.html
CÔNG TY TNHH LAN VÕ,,111105167,"Số 228 đường Lạc Trị, Thị Trấn Phúc Thọ, Huyện Phúc Thọ, Hà Nội",Đang hoạt động (đã được cấp GCN ĐKT),24/06/2025,"Bán buôn vật liệu, thiết bị lắp đặt khác trong xây dựng",https://infodoanhnghiep.com/thong-tin/Cong-Ty-TNHH-Lan-Vo-05167.html
CÔNG TY TNHH THƯƠNG MẠI VÀ SẢN XUẤT HÀNG MAY MẶC MINH TRANG,"MINH TRANG GARMENT PRODUCTION AND TRADING CO., LTD",111104822,"Số 5, Ngách 98/2 Quy Mông, Xã Yên Thường, Huyện Gia Lâm, Hà Nội",Đang hoạt động (đã được cấp GCN ĐKT),24/06/2025,May trang phục (trừ trang phục từ da lông thú),https://infodoanhnghiep.com/thong-tin/Cong-Ty-TNHH-Thuong-Mai-Va-San-Xuat-Hang-May-Mac-Minh-Trang-04822.html
CÔNG TY TNHH GỖ THỰC OANH,,111105181,"Thôn Vân Hội, Xã cổ Đô, Huyện Ba Vì, Hà Nội",Đang hoạt động (đã được cấp GCN ĐKT),24/06/2025,"Bán buôn vật liệu, thiết bị lắp đặt khác trong xây dựng",https://infodoanhnghiep.com/thong-tin/Cong-Ty-TNHH-Go-Thuc-Oanh-05181.html
CÔNG TY TNHH VẢI ĐẸP VÀ THỜI TRANG ĐỨC LIÊN,,111104847,"LK 2-45 Tuấn Dung, Thôn 9, Xã Ninh Hiệp, Huyện Gia Lâm, Hà Nội",Đang hoạt động (đã được cấp GCN ĐKT),24/06/2025,"Bán buôn vải, hàng may mặc, giày dép",https://infodoanhnghiep.com/thong-tin/Cong-Ty-TNHH-Vai-Dep-Va-Thoi-Trang-Duc-Lien-04847.html
CÔNG TY TNHH SHINGOLD VIỆT NAM,"SHINGOLD VIET NAM CO.,LTD",111104565,"Thôn Tăng Non, Xã Thanh Đa, Huyện Phúc Thọ, Hà Nội",Đang hoạt động (đã được cấp GCN ĐKT),24/06/2025,Bán buôn đồ dùng khác cho gia đình,https://infodoanhnghiep.com/thong-tin/Cong-Ty-TNHH-Shingold-Viet-Nam-04565.html
CÔNG TY CỔ PHẦN THƯƠNG MẠI VÀ NHẬP KHẨU HƯNG THỊNH PHÁT,NHẬP KHẨU HƯNG THỊNH PHÁT,111105262,"Số 47 Phố Ba Hàng Mai, Xã Thanh Mai, Huyện Thanh Oai, Hà Nội",Đang hoạt động (đã được cấp GCN ĐKT),24/06/2025,Bán buôn đồ dùng khác cho gia đình,https://infodoanhnghiep.com/thong-tin/Cong-Ty-Co-Phan-Thuong-Mai-Va-Nhap-Khau-Hung-Thinh-Phat-05262.html
CÔNG TY TNHH SẢN XUẤT VÀ THƯƠNG MẠI MAI HỒNG ÁNH,,111105424,"Thôn Rùa Hạ, Xã Thanh Thùy, Huyện Thanh Oai, Hà Nội",Đang hoạt động (đã được cấp GCN ĐKT),24/06/2025,Gia công cơ khí; xử lý và tráng phủ kim loại,https://infodoanhnghiep.com/thong-tin/Cong-Ty-TNHH-San-Xuat-Va-Thuong-Mai-Mai-Hong-Anh-05424.html
CÔNG TY TNHH PHÁT TRIỂN THƯƠNG MẠI FKG,"FKG TRADING DEVELOPMENT CO.,LTD",111105304,"Số 68, Liền kề 23, Khu đô thị mới Vân Canh, Xã Vân Canh, Huyện Hoài Đức, Hà Nội",Đang hoạt động (đã được cấp GCN ĐKT),24/06/2025,Bán buôn đồ dùng khác cho gia đình,https://infodoanhnghiep.com/thong-tin/Cong-Ty-TNHH-Phat-Trien-Thuong-Mai-Fkg-05304.html
CÔNG TY TNHH TƯƠNG LAI MACHINERY,"TL MACHINERY CO., LTD",111105110,"A47Register01, Tầng 3 tòa nhà The Sun, đường Mễ Trì, Phường Mễ Trì, Quận Nam Từ Liêm, Hà Nội",Đang hoạt động (đã được cấp GCN ĐKT),24/06/2025,Hoạt động dịch vụ hỗ trợ kinh doanh khác còn lại chưa được phân vào đâu,https://infodoanhnghiep.com/thong-tin/Cong-Ty-TNHH-Tuong-Lai-Machinery-05110.html
CÔNG TY TNHH ANDI GLOBAL,"ANDI GLOBAL CO., LTD",111104212,"Phòng 701, Tầng 7, số 19 Nguyễn Sơn, Phường Ngọc Lâm, Quận Long Biên, Hà Nội",Đang hoạt động (đã được cấp GCN ĐKT),24/06/2025,Bán buôn đồ dùng khác cho gia đình,https://infodoanhnghiep.com/thong-tin/Cong-Ty-TNHH-Andi-Global-04212.html
CÔNG TY TNHH THƯƠNG MẠI VÀ DỊCH VỤ PHƯƠNG KHANG,,111104170,"Số 34b, Ngách 5, Ngõ 67 Nguyễn Văn Cừ, Phường Ngọc Lâm, Quận Long Biên, Hà Nội",Đang hoạt động (đã được cấp GCN ĐKT),24/06/2025,Dịch vụ lưu trú ngắn ngày,https://infodoanhnghiep.com/thong-tin/Cong-Ty-TNHH-Thuong-Mai-Va-Dich-Vu-Phuong-Khang-04170.html
CÔNG TY TNHH THÉP HƯNG THỊNH QKL,"HUNG THINH QKL STEEL CO., LTD",111104195,"SỐ118 Đường Nam Đuống, Phường Thượng Thanh, Quận Long Biên, Hà Nội",Đang hoạt động (đã được cấp GCN ĐKT),24/06/2025,Bán buôn kim loại và quặng kim loại,https://infodoanhnghiep.com/thong-tin/Cong-Ty-TNHH-Thep-Hung-Thinh-Qkl-04195.html
CÔNG TY TNHH HALONG GEAR,,111104188,"Số nhà 3 ngách 6 ngõ 94 phố Vo Trung, Tổ 7, Phường Phúc Lợi, Quận Long Biên, Hà Nội",Đang hoạt động (đã được cấp GCN ĐKT),24/06/2025,Dịch vụ đặt chỗ và các dịch vụ hỗ trợ liên quan đến quảng bá và tổ chức tua du lịch,https://infodoanhnghiep.com/thong-tin/Cong-Ty-TNHH-Halong-Gear-04188.html
CÔNG TY TNHH SẢN XUẤT VÀ THƯƠNG MẠI LÂM TÚ,"LAM TU PRODUCTION AND TRADING., LTD",111104205,"SỐ01 ngách 01 ngõ 70,tổ2 phố Thạch cầu, Phường Long Biên, Quận Long Biên, Hà Nội",Đang hoạt động (đã được cấp GCN ĐKT),24/06/2025,"Sản xuất giường, tủ, bàn, ghế",https://infodoanhnghiep.com/thong-tin/Cong-Ty-TNHH-San-Xuat-Va-Thuong-Mai-Lam-Tu-04205.html
CÔNG TY TNHH THƯƠNG MẠI VÀ DỊCH VỤ HUONG BA,"HUONG BA TRADING AND SERVICE CO., LTD",111104237,"Số 4 Ngách 26 Ngõ 1 Phố Kẻ Tạnh, Phường Giang Biên, Quận Long Biên, Hà Nội",Đang hoạt động (đã được cấp GCN ĐKT),24/06/2025,"Bán lẻ thuốc, dụng cụ y tế, mỹ phẩm và vật phẩm vệ sinh trong các cửa hàng chuyên doanh",https://infodoanhnghiep.com/thong-tin/Cong-Ty-TNHH-Thuong-Mai-Va-Dich-Vu-Huong-Ba-04237.html
CÔNG TY CỔ PHẦN VIETNIP MEDIA,VIETNIP MEDIA,111102977,"Số 96, Ngõ 35 Cát Linh, Phường Cát Linh, Quận Đống đa, Hà Nội",Đang hoạt động (đã được cấp GCN ĐKT),24/06/2025,"Hoạt động sản xuất phim điện ảnh, phim video và chương trình truyền hình",https://infodoanhnghiep.com/thong-tin/Cong-Ty-Co-Phan-Vietnip-Media-02977.html
CÔNG TY TNHH THƯƠNG MẠI VÀ DỊCH VỤ DI ĐỘNG MANGO,"MANGO MOBILE CO., LTD",111104734,"Số 185 Nguyễn Ngọc Vũ, Phường Trung Hòa, Quận Cầu Giấy, Hà Nội",Đang hoạt động (đã được cấp GCN ĐKT),24/06/2025,"Bán buôn thiết bị và linh kiện điện tử, viễn thông",https://infodoanhnghiep.com/thong-tin/Cong-Ty-TNHH-Thuong-Mai-Va-Dich-Vu-Di-Dong-Mango-04734.html
CÔNG TY CỔ PHẦN QUẢN LÝ ĐẦU TƯ INNOUP,IIM,111102984,"Tầng 4,Tòa nhà VietTower, số 1 Phố Thái Hà, Phường Trung Liệt, Quận Đống đa, Hà Nội",Đang hoạt động (đã được cấp GCN ĐKT),24/06/2025,Hoạt động quản lý quỹ,https://infodoanhnghiep.com/thong-tin/Cong-Ty-Co-Phan-Quan-Ly-Dau-Tu-Innoup-02984.html
CÔNG TY CỔ PHẦN ĐẦU TƯ XÂY DỰNG VÀ THƯƠNG MẠI QUÂN LÂM,"QUAN LAM ., JSC",111103106,"SỐ38 ngách 49, ngõ 63, đường Đại Mỗ, Phường Đại Mỗ, Quận Nam Từ Liêm, Hà Nội",Đang hoạt động (đã được cấp GCN ĐKT),23/06/2025,Xây dựng nhà để ở,https://infodoanhnghiep.com/thong-tin/Cong-Ty-Co-Phan-Dau-Tu-Xay-Dung-Va-Thuong-Mai-Quan-Lam-03106.html
CÔNG TY TNHH GRACELAND,,111103498,"Thôn Thanh Lũng, Xã Tiên Phong, Huyện Ba Vì, Hà Nội",Đang hoạt động (đã được cấp GCN ĐKT),23/06/2025,"Tư vấn, môi giới, đấu giá bất động sản, đấu giá quyền sử dụng đất",https://infodoanhnghiep.com/thong-tin/Cong-Ty-TNHH-Graceland-03498.html
CÔNG TY TNHH THƯƠNG MẠI LƯƠNG TÂM,,111103508,"Thôn Yên Trường 2, Xã Trường Yên, Huyện Chương Mỹ, Hà Nội",Đang hoạt động (đã được cấp GCN ĐKT),23/06/2025,Bán lẻ thực phẩm trong các cửa hàng chuyên doanh,https://infodoanhnghiep.com/thong-tin/Cong-Ty-TNHH-Thuong-Mai-Luong-Tam-03508.html
CÔNG TY TNHH THỜI TRANG HIDOLI,,111103515,"Khu đấu giá Cát Hạ, Thôn Ngoại, Xã Tam Thuấn, Huyện Phúc Thọ, Hà Nội",Đang hoạt động (đã được cấp GCN ĐKT),23/06/2025,May trang phục (trừ trang phục từ da lông thú),https://infodoanhnghiep.com/thong-tin/Cong-Ty-TNHH-Thoi-Trang-Hidoli-03515.html
CÔNG TY CỔ PHẦN FELIX NETWORK,FELIX NETWORK JSC,111102920,"Căn Shophouse SHB3-HH01B tòa nhà Anland 2, Khu đô thị Dương Nội, Đường Tố Hữu, Phường La Khê, Quận Hà Đông, Hà Nội",Đang hoạt động (đã được cấp GCN ĐKT),23/06/2025,Bán lẻ hàng hóa khác mới trong các cửa hàng chuyên doanh,https://infodoanhnghiep.com/thong-tin/Cong-Ty-Co-Phan-Felix-Network-02920.html
CÔNG TY TNHH KINH DOANH THƯƠNG MẠI VÀ DỊCH VỤ ĐIỆN MÁY HTL,"HTL ELECTRONICS CO.,LTD",111103219,"Số 07 Đường Hòa Bình, Thôn Đống Chanh, Xã Minh Cường, Huyện Thường Tín, Hà Nội",Đang hoạt động (đã được cấp GCN ĐKT),23/06/2025,"Bán lẻ đồ điện gia dụng, giường, tủ, bàn, ghế và đồ nội thất tương tự, đèn và bộ đèn điện, đồ dùng gia đình khác chưa được phân vào đâu trong các cửa hàng chuyên doanh",https://infodoanhnghiep.com/thong-tin/Cong-Ty-TNHH-Kinh-Doanh-Thuong-Mai-Va-Dich-Vu-Dien-May-Htl-03219.html
CÔNG TY TNHH ĐẦU TƯ VÀ THƯƠNG MẠI HOA THẮNG,"HOA THANG IT CO.,LTD",111103201,"Thôn Tân Phong 1, Xã Phong Vân, Huyện Ba Vì, Hà Nội",Đang hoạt động (đã được cấp GCN ĐKT),22/06/2025,"Bán buôn gạo, lúa mỳ, hạt ngũ cốc khác, bột mỳ",https://infodoanhnghiep.com/thong-tin/Cong-Ty-TNHH-Dau-Tu-Va-Thuong-Mai-Hoa-Thang-03201.html
CÔNG TY TNHH THƯƠNG MẠI VÀ XÂY DỰNG BYC,,111103191,"Cụm 5, Xã Duyên Thái, Huyện Thường Tín, Hà Nội",Đang hoạt động (đã được cấp GCN ĐKT),22/06/2025,Xây dựng nhà để ở,https://infodoanhnghiep.com/thong-tin/Cong-Ty-TNHH-Thuong-Mai-Va-Xay-Dung-Byc-03191.html
CÔNG TY TNHH TMDV TỔNG HỢP MINH LOAN LTP,,111103096,"Thôn 4, Xã Tam Hiệp, Huyện Phúc Thọ, Hà Nội",Đang hoạt động (đã được cấp GCN ĐKT),22/06/2025,"Bán buôn vải, hàng may mặc, giày dép",https://infodoanhnghiep.com/thong-tin/Cong-Ty-TNHH-TMDV-Tong-Hop-Minh-Loan-Ltp-03096.html
CÔNG TY TNHH THƯƠNG MẠI SẮT THÉP THẾ NHẤT,"THENHAT ST CO., LTD.",111103071,"Số nhà 8 Ngõ 123, Đường Đê Hữu Hồng, Thôn Xâm Dương 2, Xã Ninh Sở, Huyện Thường Tín, Hà Nội",Đang hoạt động (đã được cấp GCN ĐKT),22/06/2025,Bán buôn kim loại và quặng kim loại,https://infodoanhnghiep.com/thong-tin/Cong-Ty-TNHH-Thuong-Mai-Sat-Thep-The-Nhat-03071.html
CÔNG TY TNHH VẬT LIỆU XÂY DỰNG NGUYÊN GIÁP,CÔNG TY TNHH VLXD NGUYÊN GIÁP,111102825,"Số 169 Đường Trâu Quỳ, Thị Trấn Trâu Quỳ, Huyện Gia Lâm, Hà Nội",Đang hoạt động (đã được cấp GCN ĐKT),22/06/2025,"Bán buôn vật liệu, thiết bị lắp đặt khác trong xây dựng",https://infodoanhnghiep.com/thong-tin/Cong-Ty-TNHH-Vat-Lieu-Xay-Dung-Nguyen-Giap-02825.html
CÔNG TY TNHH VINH THU ĐẠT,,111102913,"Số nhà 10, hẻm 485/15/9, ngách 485/7, ngõ 485, Xã Ninh Hiệp, Huyện Gia Lâm, Hà Nội",Đang hoạt động (đã được cấp GCN ĐKT),22/06/2025,Bán buôn đồ uống,https://infodoanhnghiep.com/thong-tin/Cong-Ty-TNHH-Vinh-Thu-Dat-02913.html
CÔNG TY CỔ PHẦN DREAM GREEN THIỆN NGỌC,"DREAM GREEN THIEN NGOC CO., JSC",111102871,"Tầng 3, tòa nhà Golden Field, 24 Nguyễn Cơ Thạch, Phường cầu Diễn, Quận Nam Từ Liêm, Hà Nội",Đang hoạt động (đã được cấp GCN ĐKT),22/06/2025,Hoạt động dịch vụ hỗ trợ trực tiếp cho vận tải đường bộ,https://infodoanhnghiep.com/thong-tin/Cong-Ty-Co-Phan-Dream-Green-Thien-Ngoc-02871.html
CÔNG TY CỔ PHẦN SKILL UP ACADEMY,,111102832,"SB01.SP.02-30, đường SaoBiển 2, Khu đô thị Vinhomes Ocean Park, Xã Đa Tốn, Huyện Gia Lâm, Hà Nội",Đang hoạt động (đã được cấp GCN ĐKT),22/06/2025,Giáo dục khác chưa được phân vào đâu,https://infodoanhnghiep.com/thong-tin/Cong-Ty-Co-Phan-Skill-Up-Academy-02832.html
CÔNG TY CỔ PHẦN ĐIỆN ẢNH VÀ CÔNG NGHỆ SỐ CDFILM,"CDFILM.,JSC",111102857,"Số 465 Hoàng Hoa Thám, Phường Vĩnh Phúc, Quận Ba Đình, Hà Nội",Đang hoạt động (đã được cấp GCN ĐKT),22/06/2025,"Hoạt động sản xuất phim điện ảnh, phim video và chương trình truyền hình",https://infodoanhnghiep.com/thong-tin/Cong-Ty-Co-Phan-Dien-Anh-Va-Cong-Nghe-So-Cdfilm-02857.html
CÔNG TY CỔ PHẦN SAO VÀNG GLOBAL,"SAO VANG GLOBAL ., JSC",111102906,"Tầng 26, Toà CEO, đường Phạm Hùng, Phường Mễ Trì, Quận Nam Từ Liêm, Hà Nội",Đang hoạt động (đã được cấp GCN ĐKT),22/06/2025,"Kinh doanh bất động sản, quyền sử dụng đất thuộc chủ sở hữu, chủ sử dụng hoặc đi thuê",https://infodoanhnghiep.com/thong-tin/Cong-Ty-Co-Phan-Sao-Vang-Global-02906.html
CÔNG TY TNHH THƯƠNG MẠI VÀ VẬN TẢI TRUNG HIẾU,"TRUNG HIEU TRANSPORTATION CO., LTD",111102896,"SỐ41 ngõ số 9 thôn Đổng Xuyên, Xã Đặng Xá, Huyện Gia Lâm, Hà Nội",Đang hoạt động (đã được cấp GCN ĐKT),22/06/2025,Vận tải hàng hóa bằng đường bộ,https://infodoanhnghiep.com/thong-tin/Cong-Ty-TNHH-Thuong-Mai-Va-Van-Tai-Trung-Hieu-02896.html
CÔNG TY TNHH CÔNG NGHỆ MÔI TRƯỜNG HIRUN VIỆT NAM,"HIRUN VIETNAM ENVIRONMENTAL TECHNOLOGY CO.,LTD",111100440,"Số 16, ngõ 60 Dương Khuê, Phường Mai Dịch, Quận Cầu Giấy, Hà Nội",Đang hoạt động (đã được cấp GCN ĐKT),21/06/2025,,https://infodoanhnghiep.com/thong-tin/Cong-Ty-TNHH-Cong-Nghe-Moi-Truong-Hirun-Viet-Nam-00440.html
CÔNG TY TNHH THƯƠNG MẠI VÀ DỊCH VỤ TUẤN ĐẠT BP,,111099273,"Số 6C, ngách 299/39/3 đường Hoàng Mai, Tổ 27, Phường Hoàng Văn Thụ, Quận Hoàng Mai, Hà Nội",Đang hoạt động (đã được cấp GCN ĐKT),20/06/2025,Bán buôn đồ dùng khác cho gia đình,https://infodoanhnghiep.com/thong-tin/Cong-Ty-TNHH-Thuong-Mai-Va-Dich-Vu-Tuan-Dat-Bp-99273.html
CÔNG TY TNHH XE MÁY XE ĐIỆN TUẤN SƠN,,111099322,"Số 5 ngõ 25 Phố Bằng Liệt, Phường Hoàng Liệt, Quận Hoàng Mai, Hà Nội",Đang hoạt động (đã được cấp GCN ĐKT),20/06/2025,"Bán mô tô, xe máy",https://infodoanhnghiep.com/thong-tin/Cong-Ty-TNHH-Xe-May-Xe-Dien-Tuan-Son-99322.html
CÔNG TY TNHH MTV DŨNG 183,"MTVDŨNG 183 CO.,LTD",111099266,"SỐ74 Đường Bình Minh, Xã Tân Lập, Huyện Đan Phượng, Hà Nội",Đang hoạt động (đã được cấp GCN ĐKT),20/06/2025,Bán buôn đồ uống,https://infodoanhnghiep.com/thong-tin/Cong-Ty-TNHH-MTV-Dung-183-99266.html
CÔNG TY TNHH XÂY DỰNG VÀ THIẾT BỊ CÔNG NGHỆ PHẠM GIA,,111099361,"Số 28, Ngõ 231 Phố Tân Mai, Phường Tân Mai, Quận Hoàng Mai, Hà Nội",Đang hoạt động (đã được cấp GCN ĐKT),20/06/2025,Lắp đặt hệ thống điện,https://infodoanhnghiep.com/thong-tin/Cong-Ty-TNHH-Xay-Dung-Va-Thiet-Bi-Cong-Nghe-Pham-Gia-99361.html
CÔNG TY TNHH THƯƠNG MẠI DỊCH VỤ VÀ SẢN XUẤT -NÔNG SẢN VIỆT -HÀ THUẬN,"HA THUAN- VIETNAMESE AGRICULTURAL PRODUCTS CO., LTD",111099160,"Khu 5, Xã Đại Thịnh, Huyện Mê Linh, Hà Nội",Đang hoạt động (đã được cấp GCN ĐKT),20/06/2025,"Bán buôn nông, lâm sản nguyên liệu (trừ gỗ, tre, nứa) và động vật sống",https://infodoanhnghiep.com/thong-tin/Cong-Ty-TNHH-Thuong-Mai-Dich-Vu-Va-San-Xuat-Nong-San-Viet-Ha-Thuan-99160.html
CÔNG TY TNHH TRUYỀN THÔNG & THƯƠNG MẠI CHÂU ANH,,111098777,"Thôn 1, Hạ Lôi, Xã Mê Linh, Huyện Mê Linh, Hà Nội",Đang hoạt động (đã được cấp GCN ĐKT),20/06/2025,"Hoạt động sản xuất phim điện ảnh, phim video và chương trình truyền hình",https://infodoanhnghiep.com/thong-tin/Cong-Ty-TNHH-Truyen-Thong-Thuong-Mai-Chau-Anh-98777.html
CÔNG TY CỔ PHẦN G GOLD PROPERTY,,111099530,"Tầng 11, Tòa nhà Zen Tower, số 12 Đường Khuất Duy Tiến, Phường Thanh Xuân Trung, Quận Thanh Xuân, Hà Nội",Đang hoạt động (đã được cấp GCN ĐKT),20/06/2025,"Tư vấn, môi giới, đấu giá bất động sản, đấu giá quyền sử dụng đất",https://infodoanhnghiep.com/thong-tin/Cong-Ty-Co-Phan-G-Gold-Property-99530.html
CÔNG TY TNHH NGỌC BÁCH THẢO,"NGOC BACH THAO CO., LTD",111098537,"Số 212A Tổ 27A, Phường Thanh Lương, Quận Hai Bà Trưng, Hà Nội",Đang hoạt động (đã được cấp GCN ĐKT),20/06/2025,"Bán lẻ thuốc, dụng cụ y tế, mỹ phẩm và vật phẩm vệ sinh trong các cửa hàng chuyên doanh",https://infodoanhnghiep.com/thong-tin/Cong-Ty-TNHH-Ngoc-Bach-Thao-98537.html
CÔNG TY TNHH HỌC VIỆN TÁC ĐỘNG CỘT SỐNG VIỆT NAM,"SPINAL IMPACT VIET NAM ACADEMY CO.,LTD",111099629,"SỐ21, Ngách 94, Ngõ Tự Do, Phố Đại La, Phường Đồng Tâm, Quận Hai Bà Trưng, Hà Nội",Đang hoạt động (đã được cấp GCN ĐKT),20/06/2025,"Dịch vụ tắm hơi, massage và các dịch vụ tăng cường sức khoẻ tương tự (trừ hoạt động thể thao)",https://infodoanhnghiep.com/thong-tin/Cong-Ty-TNHH-Hoc-Vien-Tac-Dong-Cot-Song-Viet-Nam-99629.html
CÔNG TY TNHH AN AN PHARMA,"AN AN PHARMA CO., LTD",111099114,"Số nhà 17 phố Nguyễn Bỉnh Khiêm, Phường Nguyễn Du, Quận Hai Bà Trưng, Hà Nội",Đang hoạt động (đã được cấp GCN ĐKT),20/06/2025,Sản xuất sản phẩm từ plastic,https://infodoanhnghiep.com/thong-tin/Cong-Ty-TNHH-An-An-Pharma-99114.html
CÔNG TY TNHH THƯƠNG MẠI VÀ DU LỊCH QUỐC TẾ ANH MINH,,111099234,"Số 2 phố Thịnh Yên, Phường Phố Huế, Quận Hai Bà Trưng, Hà Nội",Đang hoạt động (đã được cấp GCN ĐKT),20/06/2025,"Bán buôn thiết bị và linh kiện điện tử, viễn thông",https://infodoanhnghiep.com/thong-tin/Cong-Ty-TNHH-Thuong-Mai-Va-Du-Lich-Quoc-Te-Anh-Minh-99234.html
CÔNG TY TNHH HOÀNG PHÚC AUTO,"HOANG PHUC AUTO CO.,LTD",111099259,"sốll Ngách 3/2 Ngõ 2 Tổ 55 Lãng Yên, Phường Bạch Đằng, Quận Hai Bà Trưng, Hà Nội",Đang hoạt động (đã được cấp GCN ĐKT),20/06/2025,Bán phụ tùng và các bộ phận phụ trợ của ô tô và xe có động cơ khác,https://infodoanhnghiep.com/thong-tin/Cong-Ty-TNHH-Hoang-Phuc-Auto-99259.html
CÔNG TY TNHH XÂY DỰNG MAI THÀNH PHƯƠNG,,111098618,"SỐ51, Ngõ 322/90 đường Mỹ Đình, thôn Nhân Mỹ, Phường Mỹ Đình 1, Quận Nam Từ Liêm, Hà Nội",Đang hoạt động (đã được cấp GCN ĐKT),20/06/2025,Xây dựng công trình thủy,https://infodoanhnghiep.com/thong-tin/Cong-Ty-TNHH-Xay-Dung-Mai-Thanh-Phuong-98618.html
CÔNG TY TNHH TƯ VẤN THIẾT KẾ VÀ XÂY DỰNG BÁCH THẢO,,111098551,"Tầng 10 Tòa Suced Tower, số 108 Đường Nguyễn Hoàng, Phường Mỹ Đình 2, Quận Nam Từ Liêm, Hà Nội",Đang hoạt động (đã được cấp GCN ĐKT),20/06/2025,Hoạt động kiến trúc và tư vấn kỹ thuật có liên quan,https://infodoanhnghiep.com/thong-tin/Cong-Ty-TNHH-Tu-Van-Thiet-Ke-Va-Xay-Dung-Bach-Thao-98551.html
CÔNG TY TNHH CƠ KHÍ VÀ NỘI THẤT PHÚC GIA AN,,111097621,"Số 397 đường Xuân Phương, Phường Xuân Phương, Quận Nam Từ Liêm, Hà Nội",Đang hoạt động (đã được cấp GCN ĐKT),20/06/2025,Bán buôn đồ dùng khác cho gia đình,https://infodoanhnghiep.com/thong-tin/Cong-Ty-TNHH-Co-Khi-Va-Noi-That-Phuc-Gia-An-97621.html
CÔNG TY TNHH TÔ'S ENGLISH CORNER,"TÔ’S ENGLISH CORNER CO., LTD",111098590,"Số 2 ngõ 106/4 đường Hoàng Quốc Việt, Phường Nghĩa Đô, Quận Cầu Giấy, Hà Nội",Đang hoạt động (đã được cấp GCN ĐKT),20/06/2025,Giáo dục khác chưa được phân vào đâu,https://infodoanhnghiep.com/thong-tin/Cong-Ty-TNHH-Tos-English-Corner-98590.html
CÔNG TY TNHH LTP MEDIA,LTP MEDIA,111097660,"Số 9, Ngách 15, Ngõ 406 đường Hồ Tùng Mậu, Phường cầu Diễn, Quận Nam Từ Liêm, Hà Nội",Đang hoạt động (đã được cấp GCN ĐKT),20/06/2025,"Hoạt động phát hành phim điện ảnh, phim video và chương trình truyền hình",https://infodoanhnghiep.com/thong-tin/Cong-Ty-TNHH-Ltp-Media-97660.html
CÔNG TY TNHH XNK & TM AQUAGLOW,,111097646,"Số 12 ngõ 56 đường Lê Quang Đạo, Phường Phú Đô, Quận Nam Từ Liêm, Hà Nội",Đang hoạt động (đã được cấp GCN ĐKT),20/06/2025,"Bán buôn máy móc, thiết bị và phụ tùng máy khác",https://infodoanhnghiep.com/thong-tin/Cong-Ty-TNHH-XNK-TM-Aquaglow-97646.html
CÔNG TY TNHH THƯƠNG MẠI VÀ XUẤT NHẬP KHẨU AN THÁI FOODS,,111097614,"Số 196 đường Nguyễn Văn Giáp, Phường cầu Diễn, Quận Nam Từ Liêm, Hà Nội",Đang hoạt động (đã được cấp GCN ĐKT),20/06/2025,Bán buôn thực phẩm,https://infodoanhnghiep.com/thong-tin/Cong-Ty-TNHH-Thuong-Mai-Va-Xuat-Nhap-Khau-An-Thai-Foods-97614.html
CÔNG TY TNHH ĐẦU TƯ VÀ THƯƠNG MẠI QUỐC TẾ NINEPLUS,,111097565,"Số nhà 4c, ngõ 392, đường Phương Canh, Phường Phương Canh, Quận Nam Từ Liêm, Hà Nội",Đang hoạt động (đã được cấp GCN ĐKT),20/06/2025,Hoạt động thiết kế chuyên dụng,https://infodoanhnghiep.com/thong-tin/Cong-Ty-TNHH-Dau-Tu-Va-Thuong-Mai-Quoc-Te-Nineplus-97565.html
CÔNG TY TRÁCH NHIỆM HỮU HẠN TÂM MINH HẢI,TAMIH,111097639,"Tầng 4, Sàn thương mại SH52, tòa nhà CT1B, Sốll9 đường K2, Phường cầu Diễn, Quận Nam Từ Liêm, Hà Nội",Đang hoạt động (đã được cấp GCN ĐKT),20/06/2025,Hoạt động kiến trúc và tư vấn kỹ thuật có liên quan,https://infodoanhnghiep.com/thong-tin/Cong-Ty-Trach-Nhiem-Huu-Han-Tam-Minh-Hai-97639.html
CÔNG TY TNHH DỊCH VỤ HÀNG KHÔNG QUỐC TẾ THỊNH PHÁT,,111097597,"Số 08-BT12, Foresa 9A, khu đô thị sinh thái Foresa Xuân Phương, Phường Xuân Phương, Quận Nam Từ Liêm, Hà Nội",Đang hoạt động (đã được cấp GCN ĐKT),20/06/2025,Hoạt động dịch vụ hỗ trợ khác liên quan đến vận tải,https://infodoanhnghiep.com/thong-tin/Cong-Ty-TNHH-Dich-Vu-Hang-Khong-Quoc-Te-Thinh-Phat-97597.html
CÔNG TY TNHH TƯ VẤN KỸ THUẬT INGENOR VIỆT NAM,"INGENOR VIETNAM TECHNICAL CONSULTING CO.,LTD",111095448,"Căn Shophouse ML6-28, Khu Vinhomes Green Bay, số 7 Đại Lộ Thăng Long, Phường Mễ Trì, Quận Nam Từ Liêm, Hà Nội",Đang hoạt động (đã được cấp GCN ĐKT),20/06/2025,Hoạt động kiến trúc và tư vấn kỹ thuật có liên quan,https://infodoanhnghiep.com/thong-tin/Cong-Ty-TNHH-Tu-Van-Ky-Thuat-Ingenor-Viet-Nam-95448.html
CÔNG TY TNHH THƯƠNG MẠI TỔNG HỢP VĂN THÁI,"VAN THAI GENTRA.,LLC",111097607,"Số 169 đường Phúc Diễn, Phường Xuân Phương, Quận Nam Từ Liêm, Hà Nội",Đang hoạt động (đã được cấp GCN ĐKT),20/06/2025,"Bán buôn gạo, lúa mỳ, hạt ngũ cốc khác, bột mỳ",https://infodoanhnghiep.com/thong-tin/Cong-Ty-TNHH-Thuong-Mai-Tong-Hop-Van-Thai-97607.html
CÔNG TY TNHH ĐẦU TƯ PHÁT TRIỂN CÔNG NGHỆ SẠCH VIỆT NAM,,111097766,"SỐ13, phố Thợ Nhuộm, Phường Hàng Buồm, Quận Hoàn Kiếm, Hà Nội",Đang hoạt động (đã được cấp GCN ĐKT),20/06/2025,"Trồng rau, đậu các loại và trồng hoa",https://infodoanhnghiep.com/thong-tin/Cong-Ty-TNHH-Dau-Tu-Phat-Trien-Cong-Nghe-Sach-Viet-Nam-97766.html
CÔNG TY TNHH ZICO VINA,"ZV LTD., CO",111097759,"NV6.19, khu chức năng đô thị Tây Mỗ, Phường Đại Mỗ, Quận Nam Từ Liêm, Hà Nội",Đang hoạt động (đã được cấp GCN ĐKT),20/06/2025,"Bán buôn vật liệu, thiết bị lắp đặt khác trong xây dựng",https://infodoanhnghiep.com/thong-tin/Cong-Ty-TNHH-Zico-Vina-97759.html
CÔNG TY TNHH GIẢI PHÁP TUÂN THỦ TOÀN CẦU VIỆT NAM,"GLOBAL COMPLIANCE SOLUTION VN CO.,LTD",111097741,"Tầng 3 nhà số 4 lô số 20, KĐT Đại Kim, Phường Định Công, Quận Hoàng Mai, Hà Nội",Đang hoạt động (đã được cấp GCN ĐKT),20/06/2025,"Bán buôn máy vi tính, thiết bị ngoại vi và phần mềm",https://infodoanhnghiep.com/thong-tin/Cong-Ty-TNHH-Giai-Phap-Tuan-Thu-Toan-Cau-Viet-Nam-97741.html
CÔNG TY TNHH NAM LINH HÀ NỘI,,111097325,"số nhà 18 ngõ 4 xóm 5 Thôn Nam Võng Ngoại, Xã Võng Xuyên, Huyện Phúc Thọ, Hà Nội",Đang hoạt động (đã được cấp GCN ĐKT),20/06/2025,"Sản xuất đồ uống không cồn, nước khoáng",https://infodoanhnghiep.com/thong-tin/Cong-Ty-TNHH-Nam-Linh-Ha-Noi-97325.html
CÔNG TY TNHH TMVDV HẰNG THỊNH,,111097903,"Số Nhà 65 Tổ Dân Phố số 2, Thị Trấn Phúc Thọ, Huyện Phúc Thọ, Hà Nội",Đang hoạt động (đã được cấp GCN ĐKT),20/06/2025,Bán buôn đồ dùng khác cho gia đình,https://infodoanhnghiep.com/thong-tin/Cong-Ty-TNHH-Tmvdv-Hang-Thinh-97903.html
CÔNG TY TNHH SẢN XUẤT THƯƠNG MẠI VÀ XUẤT KHẨU HÒA PHÁT,"HOAPHAT PRODUCTION TRADING AND EXPORT CO.,LTD",111097910,"Số nhà 4,TỔ dân phố số 2, Thị Trấn Phúc Thọ, Huyện Phúc Thọ, Hà Nội",Đang hoạt động (đã được cấp GCN ĐKT),20/06/2025,May trang phục (trừ trang phục từ da lông thú),https://infodoanhnghiep.com/thong-tin/Cong-Ty-TNHH-San-Xuat-Thuong-Mai-Va-Xuat-Khau-Hoa-Phat-97910.html
CÔNG TY TNHH THƯƠNG MẠI LINH ĐỊNH,"LINH DINH TRADING CO ., LTD",111097685,"Thôn Văn Trai, Xã Văn Phú, Huyện Thường Tín, Hà Nội",Đang hoạt động (đã được cấp GCN ĐKT),20/06/2025,Bán lẻ hàng hóa khác mới trong các cửa hàng chuyên doanh,https://infodoanhnghiep.com/thong-tin/Cong-Ty-TNHH-Thuong-Mai-Linh-Dinh-97685.html
CÔNG TY TNHH SẢN XUẤT THƯƠNG MẠI SƠN ĐÔNG,"SON DONG PRODUCTION COMMERCIAL CO.,LTD",111097678,"Số 52 Đường 4 Xóm Đô Thôn 3,Xã Ba Trại, Huyện Ba Vì, Hà Nội",Đang hoạt động (đã được cấp GCN ĐKT),20/06/2025,Gia công cơ khí; xử lý và tráng phủ kim loại,https://infodoanhnghiep.com/thong-tin/Cong-Ty-TNHH-San-Xuat-Thuong-Mai-Son-Dong-97678.html
CÔNG TY TNHH THƯƠNG MẠI VÀ DỊCH THUẬT NAM PHONG,"NAM PHONG TRADING AND TRANSLATION CO.,LTD",111097928,"Thôn Chương Lộc, Xã Chương Dương, Huyện Thường Tín, Hà Nội",Đang hoạt động (đã được cấp GCN ĐKT),20/06/2025,"Hoạt động chuyên môn, khoa học và công nghệ khác chưa được phân vào đâu",https://infodoanhnghiep.com/thong-tin/Cong-Ty-TNHH-Thuong-Mai-Va-Dich-Thuat-Nam-Phong-97928.html
CÔNG TY TNHH SẢN XUẤT VÀ THƯƠNG CƠ KHÍ THANH THÙY,,111097942,"Thôn Gia Vĩnh , Xã Thanh Thùy, Huyện Thanh Oai, Hà Nội",Đang hoạt động (đã được cấp GCN ĐKT),20/06/2025,Gia công cơ khí; xử lý và tráng phủ kim loại,https://infodoanhnghiep.com/thong-tin/Cong-Ty-TNHH-San-Xuat-Va-Thuong-Co-Khi-Thanh-Thuy-97942.html
CÔNG TY CỔ PHẦN KINH DOANH THƯƠNG MẠI VÀ DỊCH VỤ SẢN XUẤT ĐỨC THẮNG,"DUC THANG TRADING BUSINESSMENT AND PRODUCTION SERVICES., JSC",111098456,"Đỗi 5+6, Xứ Đồng, thôn Nội Thôn, Xã Vân Tảo, Huyện Thường Tín, Hà Nội",Đang hoạt động (đã được cấp GCN ĐKT),20/06/2025,Bán buôn tổng hợp,https://infodoanhnghiep.com/thong-tin/Cong-Ty-Co-Phan-Kinh-Doanh-Thuong-Mai-Va-Dich-Vu-San-Xuat-Duc-Thang-98456.html
CÔNG TY TNHH THƯƠNG MẠI ĐOÀN THÚY,,111097798,"SỐ57,LÔ7, Cụm công nghiệp Làng nghề Duyên Thái, Thôn Hạ Thái, Xã Duyên Thái, Huyện Thường Tín, Hà Nội",Đang hoạt động (đã được cấp GCN ĐKT),20/06/2025,"Bán buôn vật liệu, thiết bị lắp đặt khác trong xây dựng",https://infodoanhnghiep.com/thong-tin/Cong-Ty-TNHH-Thuong-Mai-Doan-Thuy-97798.html
CÔNG TY TNHH ARITCO VIỆT NAM,"ARITCO VIETNAM CO.,LTD",111097692,"Thôn Vân Lôi, Xã Trạch Mỹ Lộc, Huyện Phúc Thọ, Hà Nội",Đang hoạt động (đã được cấp GCN ĐKT),20/06/2025,"Bán buôn máy móc, thiết bị và phụ tùng máy khác",https://infodoanhnghiep.com/thong-tin/Cong-Ty-TNHH-Aritco-Viet-Nam-97692.html
CÔNG TY TNHH XÂY DỰNG THƯƠNG MẠI DỊCH VỤ THANH HƯƠNG,,111097893,"TDP An Phú, Thị Trấn Chúc Sơn, Huyện Chương Mỹ, Hà Nội",Đang hoạt động (đã được cấp GCN ĐKT),20/06/2025,"Bán buôn vật liệu, thiết bị lắp đặt khác trong xây dựng",https://infodoanhnghiep.com/thong-tin/Cong-Ty-TNHH-Xay-Dung-Thuong-Mai-Dich-Vu-Thanh-Huong-97893.html
CÔNG TY CỔ PHẦN FUSE LAB,FUSE LAB JSC,111097558,"P2-20 Hanoi Garden City, Đường Vũ Đình Tụng, Phường Thạch Bàn, Quận Long Biên, Hà Nội",Đang hoạt động (đã được cấp GCN ĐKT),20/06/2025,"Sản xuất mỹ phẩm, xà phòng, chất tẩy rửa, làm bóng và chế phẩm vệ sinh",https://infodoanhnghiep.com/thong-tin/Cong-Ty-Co-Phan-Fuse-Lab-97558.html
CÔNG TY CỔ PHẦN DOPAMINE CREATIVE,DOPAMINE CREATIVE JSC,111095984,"SỐ57 ngõ 39 Phố Đặng Vũ Hỷ, Phường Thượng Thanh, Quận Long Biên, Hà Nội",Đang hoạt động (đã được cấp GCN ĐKT),20/06/2025,Tổ chức giới thiệu và xúc tiến thương mại,https://infodoanhnghiep.com/thong-tin/Cong-Ty-Co-Phan-Dopamine-Creative-95984.html
CÔNG TY TNHH SẢN XUẤT VÀ PHÁT TRIỂN XÂY DỰNG HÀ NỘI 123,"HANOI123 PRODUCTION AND CONSTRUCTION DEVELOPMENT COMPANY LIMITED CO., LTD",111098424,"Số 26 Đường Văn Nội, Tổ 1, Phường Phú Lương, Quận Hà Đông, Hà Nội",Đang hoạt động (đã được cấp GCN ĐKT),20/06/2025,Hoàn thiện công trình xây dựng,https://infodoanhnghiep.com/thong-tin/Cong-Ty-TNHH-San-Xuat-Va-Phat-Trien-Xay-Dung-Ha-Noi-123-98424.html
CÔNG TY TNHH SẢN XUẤT NGỌC ĐĂNG PLAST,NGOC DANG PLAST,111097847,"Số nhà 27 Đường Trần Phương, Thôn Song Khê, Xã Tam Hưng, Huyện Thanh Oai, Hà Nội",Đang hoạt động (đã được cấp GCN ĐKT),20/06/2025,Sản xuất plastic và cao su tổng hợp dạng nguyên sinh,https://infodoanhnghiep.com/thong-tin/Cong-Ty-TNHH-San-Xuat-Ngoc-Dang-Plast-97847.html
CÔNG TY TNHH CHẾ BIẾN THỰC PHẨM VIỆT ĐỨC - FPT,,111097808,"SỐ118 Đường Nguyễn Trực, Xã Bích Hòa, Huyện Thanh Oai, Hà Nội",Đang hoạt động (đã được cấp GCN ĐKT),20/06/2025,"Sản xuất món ăn, thức ăn chế biến sẵn",https://infodoanhnghiep.com/thong-tin/Cong-Ty-TNHH-Che-Bien-Thuc-Pham-Viet-Duc-Fpt-97808.html
CÔNG TY TNHH THƯƠNG MẠI ORBIT 9,,111098022,"DV06-LK306 khu đất dịch vụ Đào Đất Hàng Bè, Phường Kiến Hưng, quận Hà Đông, Thành phố Hà Nội, Việt Nam, Phường Kiến Hưng, Quận Hà Đông, Hà Nội",Đang hoạt động (đã được cấp GCN ĐKT),20/06/2025,Bán buôn tổng hợp,https://infodoanhnghiep.com/thong-tin/Cong-Ty-TNHH-Thuong-Mai-Orbit-9-98022.html
CÔNG TY TNHH THƯƠNG MẠI & SẢN XUẤT DŨNG TUYÊN,"DUNG TUYEN TRADING & PRODUCTION CO.,LTD",111098079,"Thôn 3, Xã Thạch Xá, Huyện Thạch Thất, Hà Nội",Đang hoạt động (đã được cấp GCN ĐKT),20/06/2025,"Sản xuất gỗ dán, gỗ lạng, ván ép và ván mỏng khác",https://infodoanhnghiep.com/thong-tin/Cong-Ty-TNHH-Thuong-Mai-San-Xuat-Dung-Tuyen-98079.html
CÔNG TY CỔ PHẦN SX VÀ TM HƯNG LOAN,"HƯNG LOAN., JSC",111098093,"Số 3/10 ngõ 61/78 đường Hoàng Xá, Thôn Đình Tổ, Thị Trấn Quốc Oai, Huyện Quốc Oai, Hà Nội",Đang hoạt động (đã được cấp GCN ĐKT),20/06/2025,May trang phục (trừ trang phục từ da lông thú),https://infodoanhnghiep.com/thong-tin/Cong-Ty-Co-Phan-Sx-Va-TM-Hung-Loan-98093.html
CÔNG TY TNHH TUỆ ANH QUÂN,"TUE ANH QUAN CO.,LTD",111097854,"SỐ19 ngách 2, ngõ Chính, thôn Chợ, Xã Bình Minh, Huyện Thanh Oai, Hà Nội",Đang hoạt động (đã được cấp GCN ĐKT),20/06/2025,"Chế biến, bảo quản thịt và các sản phẩm từ thịt",https://infodoanhnghiep.com/thong-tin/Cong-Ty-TNHH-Tue-Anh-Quan-97854.html
CÔNG TY TNHH DỊCH VỤ THƯƠNG MẠI VŨ GROUP,"VU GROUP TRADING SERVICES CO., LTD",111097861,"Thôn Thanh Trì, Xã Đông Sơn, Huyện Chương Mỹ, Hà Nội",Đang hoạt động (đã được cấp GCN ĐKT),20/06/2025,Bán buôn đồ uống,https://infodoanhnghiep.com/thong-tin/Cong-Ty-TNHH-Dich-Vu-Thuong-Mai-Vu-Group-97861.html
CÔNG TY TNHH SẢN PHẨM CAO SU VẠN LONG,"VAN LONG RUBBER PRODUCTS CO., LTD",111097815,"Thôn Ninh Sơn, Thị Trấn Chúc Sơn, Huyện Chương Mỹ, Hà Nội",Đang hoạt động (đã được cấp GCN ĐKT),20/06/2025,Bán buôn chuyên doanh khác chưa được phân vào đâu,https://infodoanhnghiep.com/thong-tin/Cong-Ty-TNHH-San-Pham-Cao-Su-Van-Long-97815.html
CÔNG TY TNHH TMDV CÔNG NGHỆ PHÚ KHANG,,111097822,"Thôn Phú Đức, Xã Hòa Phú, Huyện Chương Mỹ, Hà Nội",Đang hoạt động (đã được cấp GCN ĐKT),20/06/2025,Sản xuất sản phẩm từ chất khoáng phi kim loại khác chưa được phân vào đâu,https://infodoanhnghiep.com/thong-tin/Cong-Ty-TNHH-TMDV-Cong-Nghe-Phu-Khang-97822.html
CÔNG TY TNHH THƯƠNG MẠI DV MINH CƯƠNG,,111098061,"Khu Thùng Nhèm, Thôn An Khoái, Xã Phúc Tiến, Huyện Phú Xuyên, Hà Nội",Đang hoạt động (đã được cấp GCN ĐKT),20/06/2025,"Bán lẻ đồ điện gia dụng, giường, tủ, bàn, ghế và đồ nội thất tương tự, đèn và bộ đèn điện, đồ dùng gia đình khác chưa được phân vào đâu trong các cửa hàng chuyên doanh",https://infodoanhnghiep.com/thong-tin/Cong-Ty-TNHH-Thuong-Mai-DV-Minh-Cuong-98061.html
CÔNG TY TNHH VQ CREATIVE,"VQ CREATIVE CO.,LTD",111098382,"66 đường Phùng Hưng, Phường Phúc La, Quận Hà Đông, Hà Nội",Đang hoạt động (đã được cấp GCN ĐKT),20/06/2025,"Hoạt động sản xuất phim điện ảnh, phim video và chương trình truyền hình",https://infodoanhnghiep.com/thong-tin/Cong-Ty-TNHH-Vq-Creative-98382.html
CÔNG TY TNHH SẢN XUẤT VÀ THƯƠNG MẠI LINH ANH KHANG,"LINH ANH KHANG PRATING CO., LTD",111098167,"CL11, Số nhà 33, Khu D, Đất dịch vụ Yên Nghĩa, Phường Yên Nghĩa, Quận Hà Đông, Hà Nội",Đang hoạt động (đã được cấp GCN ĐKT),20/06/2025,Sản xuất các cấu kiện kim loại,https://infodoanhnghiep.com/thong-tin/Cong-Ty-TNHH-San-Xuat-Va-Thuong-Mai-Linh-Anh-Khang-98167.html
CÔNG TY TNHH HẢI AN FOOD,,111098135,"Thôn 3, Xã Vạn Phúc, Huyện Thanh Trì, Hà Nội",Đang hoạt động (đã được cấp GCN ĐKT),20/06/2025,Bán buôn thực phẩm,https://infodoanhnghiep.com/thong-tin/Cong-Ty-TNHH-Hai-An-Food-98135.html
CÔNG TY TNHH ĐẦU TƯ XÂY DỰNG VÀ PHÁT TRIỂN CỌC BÊ TÔNG CHÈM THĂNG LONG,,111098128,"Số 34 ngách 30/3 đường tiếp giáp khu đô thị Văn Phú, Phường Phú La, Quận Hà Đông, Hà Nội",Đang hoạt động (đã được cấp GCN ĐKT),20/06/2025,Sản xuất vật liệu xây dựng từ đất sét,https://infodoanhnghiep.com/thong-tin/Cong-Ty-TNHH-Dau-Tu-Xay-Dung-Va-Phat-Trien-Coc-Be-Tong-Chem-Thang-Long-98128.html
CÔNG TY TNHH XNK MINH LINH,"XNK MINH LINH CO.,LTD",111098086,"Số nhà 10, ngõ 50 thôn Đầu Làng, Xã Quang Trung, Huyện Thạch Thất, Hà Nội",Đang hoạt động (đã được cấp GCN ĐKT),20/06/2025,"Bán buôn vật liệu, thiết bị lắp đặt khác trong xây dựng",https://infodoanhnghiep.com/thong-tin/Cong-Ty-TNHH-XNK-Minh-Linh-98086.html
CÔNG TY TNHH ĐẦU TƯ VÀ THƯƠNG MẠI BẢO THẮNG,,111098047,"Số nhà 20 ngõ 3, phố Yên Phúc, Phường Phúc La, Quận Hà Đông, Hà Nội",Đang hoạt động (đã được cấp GCN ĐKT),20/06/2025,Gia công cơ khí; xử lý và tráng phủ kim loại,https://infodoanhnghiep.com/thong-tin/Cong-Ty-TNHH-Dau-Tu-Va-Thuong-Mai-Bao-Thang-98047.html
CÔNG TY TNHH ĐẦU TƯ KINH DOANH ANH VY,ANH VYINVESTMENT,111098110,"Số 2, Ngõ 2, Tổ 9 Nghĩa Lộ, Phường Yên Nghĩa, Quận Hà Đông, Hà Nội",Đang hoạt động (đã được cấp GCN ĐKT),20/06/2025,"Bán lẻ lương thực, thực phẩm, đồ uống, thuốc lá, thuốc lào chiếm tỷ trọng lớn trong các cửa hàng kinh doanh tổng hợp",https://infodoanhnghiep.com/thong-tin/Cong-Ty-TNHH-Dau-Tu-Kinh-Doanh-Anh-Vy-98110.html
CÔNG TY TNHH SX VÀ TM GIA HUY,,111098142,"Đội 5, thôn Vĩnh Trung, Xã Đại Áng, Huyện Thanh Trì, Hà Nội",Đang hoạt động (đã được cấp GCN ĐKT),20/06/2025,Sản xuất các cấu kiện kim loại,https://infodoanhnghiep.com/thong-tin/Cong-Ty-TNHH-Sx-Va-TM-Gia-Huy-98142.html
CÔNG TY TNHH MONELI,"MONELI CO., LTD",111098209,"Số 36, ngõ 148, đường Thanh Bình, Phường Mộ Lao, Quận Hà Đông, Hà Nội",Đang hoạt động (đã được cấp GCN ĐKT),20/06/2025,Bán buôn thực phẩm,https://infodoanhnghiep.com/thong-tin/Cong-Ty-TNHH-Moneli-98209.html
CÔNG TY TNHH THÁI LONG TNT,"THAI LONG TNT CO., LTD",111098174,"U4-L10 khu D, khu đô thị mới Dương Nội, Phường Yên Nghĩa, Quận Hà Đông, Hà Nội",Đang hoạt động (đã được cấp GCN ĐKT),20/06/2025,Sản xuất sản phẩm khác bằng kim loại chưa được phân vào đâu,https://infodoanhnghiep.com/thong-tin/Cong-Ty-TNHH-Thai-Long-Tnt-98174.html
CÔNG TY TNHH DỊCH VỤ VẬN TẢI VÀ XÂY DỰNG THÀNH AN,TA.T,111095945,"Số 122 Triệu Việt Vương, Phường Nguyễn Du, Quận Hai Bà Trưng, Hà Nội",Đang hoạt động (đã được cấp GCN ĐKT),19/06/2025,Vận tải hàng hóa bằng đường bộ,https://infodoanhnghiep.com/thong-tin/Cong-Ty-TNHH-Dich-Vu-Van-Tai-Va-Xay-Dung-Thanh-An-95945.html
CÔNG TY TNHH SẢN XUẤT CHẾ BIẾN VÀ KINH DOANH RAU CỦ QUẢ BẢO ANH,"BAO ANH VEGETABLE AND FRUITS CO., LTD",111095952,"860 Đường Bạch Đằng, Phường Thanh Lương, Quận Hai Bà Trưng, Hà Nội",Đang hoạt động (đã được cấp GCN ĐKT),19/06/2025,Chế biến và bảo quản rau quả,https://infodoanhnghiep.com/thong-tin/Cong-Ty-TNHH-San-Xuat-Che-Bien-Va-Kinh-Doanh-Rau-Cu-Qua-Bao-Anh-95952.html
CÔNG TY TNHH ĐẦU TƯ THƯƠNG MẠI VÀ DỊCH VỤ MT VIỆT NAM,"MT VIETNAMINVEST CO., LTD",111097276,"SỐ39 Chính Kinh, Phường Thanh Xuân Trung, Quận Thanh Xuân, Hà Nội",Đang hoạt động (đã được cấp GCN ĐKT),19/06/2025,Nhà hàng và các dịch vụ ăn uống phục vụ lưu động,https://infodoanhnghiep.com/thong-tin/Cong-Ty-TNHH-Dau-Tu-Thuong-Mai-Va-Dich-Vu-Mt-Viet-Nam-97276.html
CÔNG TY TNHH PHÁT TRIỂN THƯƠNG MẠI DQT,,111095920,"Số 37 phố Đồng Nhân, Phường Đồng Nhân, Quận Hai Bà Trưng, Hà Nội",Đang hoạt động (đã được cấp GCN ĐKT),19/06/2025,,https://infodoanhnghiep.com/thong-tin/Cong-Ty-TNHH-Phat-Trien-Thuong-Mai-Dqt-95920.html
CÔNG TY TNHH KN BEAUTY KOREA CENTRER,,111095938,"38 Đại La, Phường Trương Định, Quận Hai Bà Trưng, Hà Nội",Đang hoạt động (đã được cấp GCN ĐKT),19/06/2025,"Dịch vụ tắm hơi, massage và các dịch vụ tăng cường sức khoẻ tương tự (trừ hoạt động thể thao)",https://infodoanhnghiep.com/thong-tin/Cong-Ty-TNHH-Kn-Beauty-Korea-Centrer-95938.html
CÔNG TY TNHH ĐẦU TƯ THƯƠNG MẠI MEDITRANS VIỆT NAM,"MEDITRANS VIET NAM CO.,LTD",111097445,"Số 4, ngõ 133, phố Thái Hà, Phường Trung Liệt, Quận Đống đa, Hà Nội",Đang hoạt động (đã được cấp GCN ĐKT),19/06/2025,Hoạt động dịch vụ hỗ trợ kinh doanh khác còn lại chưa được phân vào đâu,https://infodoanhnghiep.com/thong-tin/Cong-Ty-TNHH-Dau-Tu-Thuong-Mai-Meditrans-Viet-Nam-97445.html
CÔNG TY TRÁCH NHIỆM HỮU HẠN THƯƠNG MẠI DỊCH VỤ VÀ XUẤT NHẬP KHẨU BECA VIỆT NAM,CÔNG TY TNHH TM DV & XNK BECA VIỆT NAM,111096096,"Số 19 ngõ 68 Xuân Thủy, Tổ 9, Phường Dịch Vọng Hậu, Quận Cầu Giấy, Hà Nội",Đang hoạt động (đã được cấp GCN ĐKT),19/06/2025,Bán lẻ hàng hóa khác mới trong các cửa hàng chuyên doanh,https://infodoanhnghiep.com/thong-tin/Cong-Ty-Trach-Nhiem-Huu-Han-Thuong-Mai-Dich-Vu-Va-Xuat-Nhap-Khau-Beca-Viet-Nam-96096.html
CÔNG TY CỔ PHẦN ĐẦU TƯ VÀ DỊCH VỤ PHÚC KHÁNH,CÔNG TY CP ĐT&DV PHÚC KHÁNH,111097212,"Số 6, ngõ 222, đường 19/5, Phường Văn Quán, Quận Hà Đông, Hà Nội",Đang hoạt động (đã được cấp GCN ĐKT),19/06/2025,"Bán mô tô, xe máy",https://infodoanhnghiep.com/thong-tin/Cong-Ty-Co-Phan-Dau-Tu-Va-Dich-Vu-Phuc-Khanh-97212.html
CÔNG TY TNHH BẤT ĐỘNG SẢN NINE HOME,"NINE HOME REAL ESTATE CO., LTD",111096145,"SỐ12 ngõ 1 phố Trần Quý Kiên, Phường Dịch Vọng, Quận Cầu Giấy, Hà Nội",Đang hoạt động (đã được cấp GCN ĐKT),19/06/2025,"Kinh doanh bất động sản, quyền sử dụng đất thuộc chủ sở hữu, chủ sử dụng hoặc đi thuê",https://infodoanhnghiep.com/thong-tin/Cong-Ty-TNHH-Bat-Dong-San-Nine-Home-96145.html
CÔNG TY TNHH SUCCESS PARENTING,"SU PA CO., LTD",111097484,"Số 201 Phố Hoàng cầu, Phường Trung Liệt, Quận Đống đa, Hà Nội",Đang hoạt động (đã được cấp GCN ĐKT),19/06/2025,Giáo dục mẫu giáo,https://infodoanhnghiep.com/thong-tin/Cong-Ty-TNHH-Success-Parenting-97484.html
CÔNG TY TNHH HÙNG LIÊN ANH,,111097519,"Số 20 ngõ 91Ô Đồng Lầm, Phường Khâm Thiên, Quận Đống đa, Hà Nội",Đang hoạt động (đã được cấp GCN ĐKT),19/06/2025,Bán lẻ thực phẩm trong các cửa hàng chuyên doanh,https://infodoanhnghiep.com/thong-tin/Cong-Ty-TNHH-Hung-Lien-Anh-97519.html
CÔNG TY TNHH SỞ HỮU TRÍ TUỆ GIP,,111096177,"Số 6A đường Dịch Vọng, Phường Dịch Vọng, Quận Cầu Giấy, Hà Nội",Đang hoạt động (đã được cấp GCN ĐKT),19/06/2025,"Hoạt động chuyên môn, khoa học và công nghệ khác chưa được phân vào đâu",https://infodoanhnghiep.com/thong-tin/Cong-Ty-TNHH-So-Huu-Tri-Tue-Gip-96177.html
CÔNG TY TNHH TƯ VẤN THIẾT KẾ VÀ XÂY DỰNG MC,"MC CONSTRUCT AND DESIGN CONSULTATION ., LTD",111095487,"SB23-447, Dự án khu đô thị Gia Lâm - Vinhomes Ocean Park, Xã Dương Xá, Huyện Gia Lâm, Hà Nội",Đang hoạt động (đã được cấp GCN ĐKT),19/06/2025,Xây dựng nhà để ở,https://infodoanhnghiep.com/thong-tin/Cong-Ty-TNHH-Tu-Van-Thiet-Ke-Va-Xay-Dung-Mc-95487.html
CÔNG TY TNHH NHA KHOA DŨNG HÀ,"DUNG HA DENTAL CO.,LTD",111097477,"32 Thái Thịnh, Phường Thịnh Quang, Quận Đống đa, Hà Nội",Đang hoạt động (đã được cấp GCN ĐKT),19/06/2025,"Hoạt động của các phòng khám đa khoa, chuyên khoa và nha khoa",https://infodoanhnghiep.com/thong-tin/Cong-Ty-TNHH-Nha-Khoa-Dung-Ha-97477.html
CÔNG TY TNHH KINH DOANH TUẤN TRANG,,111097195,"Số 6 Đường cổng Nùi, Xã Phùng Xá, Huyện Thạch Thất, Hà Nội",Đang hoạt động (đã được cấp GCN ĐKT),19/06/2025,"Bán buôn vật liệu, thiết bị lắp đặt khác trong xây dựng",https://infodoanhnghiep.com/thong-tin/Cong-Ty-TNHH-Kinh-Doanh-Tuan-Trang-97195.html
CÔNG TY TNHH ONENINE VĂN LANG MEDIA,,111096219,"Số 223 phố Quan Hoa, Phường Quan Hoa, Quận Cầu Giấy, Hà Nội",Đang hoạt động (đã được cấp GCN ĐKT),19/06/2025,Hoạt động tư vấn quản lý,https://infodoanhnghiep.com/thong-tin/Cong-Ty-TNHH-Onenine-Van-Lang-Media-96219.html
CÔNG TY CỔ PHẦN ĐẦU TƯ BACHHSTONE,"BACHHSTONE INVEST., JSC",111097205,"SỐ31 ngõ 58, phố Thanh Bình, Phường Mộ Lao, Quận Hà Đông, Hà Nội",Đang hoạt động (đã được cấp GCN ĐKT),19/06/2025,"Bán buôn máy móc, thiết bị và phụ tùng máy khác",https://infodoanhnghiep.com/thong-tin/Cong-Ty-Co-Phan-Dau-Tu-Bachhstone-97205.html
CÔNG TY CỔ PHẦN DOWORKS,,111094028,"Căn số 26, 8th Ave, Sunrise 1, KĐT The Manor Central Park, Xã Thanh Liệt, Huyện Thanh Trì, Hà Nội",Đang hoạt động (đã được cấp GCN ĐKT),19/06/2025,"Hoạt động của các trung tâm, đại lý tư vấn, giới thiệu và môi giới lao động, việc làm",https://infodoanhnghiep.com/thong-tin/Cong-Ty-Co-Phan-Doworks-94028.html
CÔNG TY TNHH HTV CHIẾN YẾN,"HTV CHIEN YEN CO., LTD",111093320,"Thôn Bái Xuyên, Xã Minh Tân, Huyện Phú Xuyên, Hà Nội",Đang hoạt động (đã được cấp GCN ĐKT),18/06/2025,Sản xuất thực phẩm khác chưa được phân vào đâu,https://infodoanhnghiep.com/thong-tin/Cong-Ty-TNHH-Htv-Chien-Yen-93320.html
CÔNG TY TNHH ĐẦU TƯ XUẤT NHẬP KHẨU THỰC PHẨM HƯNG THỊNH PHÁT,HUNG THINH PHAT FOOD,111094412,"Nhà 205, Đường Vạn Xuân, Xã Hạ Mỗ, Huyện Đan Phượng, Hà Nội",Đang hoạt động (đã được cấp GCN ĐKT),18/06/2025,Bán buôn thực phẩm,https://infodoanhnghiep.com/thong-tin/Cong-Ty-TNHH-Dau-Tu-Xuat-Nhap-Khau-Thuc-Pham-Hung-Thinh-Phat-94412.html
CÔNG TY TNHH DỊCH VỤ CHĂM SÓC SỨC KHỎE NGỌC LINH,"NGOC LINH HEALTHCARE SERVICES.,CO LTD",111094035,"Thôn Chu Mật, Xã Thái Hòa, Huyện Ba Vì, Hà Nội",Đang hoạt động (đã được cấp GCN ĐKT),18/06/2025,"Hoạt động của các phòng khám đa khoa, chuyên khoa và nha khoa",https://infodoanhnghiep.com/thong-tin/Cong-Ty-TNHH-Dich-Vu-Cham-Soc-Suc-Khoe-Ngoc-Linh-94035.html
CÔNG TY TNHH THƯƠNG MẠI THỰC PHẨM LƯU THỦY,"LUUTHUY FOOD TRADING CO., LTD",111093553,"Thôn Cao Sơn, Xã Tiên Phương, Huyện Chương Mỹ, Hà Nội",Đang hoạt động (đã được cấp GCN ĐKT),18/06/2025,Bán buôn thực phẩm,https://infodoanhnghiep.com/thong-tin/Cong-Ty-TNHH-Thuong-Mai-Thuc-Pham-Luu-Thuy-93553.html
CÔNG TY TNHH EMFA RETAIL,,111093183,"Số 17 liền kề 14, Khu đô thị Văn Khê, Phường La Khê, Quận Hà Đông, Hà Nội",Đang hoạt động (đã được cấp GCN ĐKT),18/06/2025,"Bán buôn vải, hàng may mặc, giày dép",https://infodoanhnghiep.com/thong-tin/Cong-Ty-TNHH-Emfa-Retail-93183.html
CÔNG TY TNHH ĐỒ CHƠI QUỐC TẾ TM,TMINTERNATIONAL TOYS,111093176,"C39 - NV14 ô số 12, Khu đô thị mới hai bên đường Lê Trọng Tấn, Phường Dương Nội, Quận Hà Đông, Hà Nội",Đang hoạt động (đã được cấp GCN ĐKT),18/06/2025,"Bán lẻ trò chơi, đồ chơi trong các cửa hàng chuyên doanh",https://infodoanhnghiep.com/thong-tin/Cong-Ty-TNHH-Do-Choi-Quoc-Te-TM-93176.html
CÔNG TY TNHH LUẬT TH,"TH LUAT CO.,LTD",111093200,"Số 09 - BT2 Khu đô thị Vạn Phúc, Phường Vạn Phúc, Quận Hà Đông, Hà Nội",Đang hoạt động (đã được cấp GCN ĐKT),18/06/2025,Hoạt động tư vấn quản lý,https://infodoanhnghiep.com/thong-tin/Cong-Ty-TNHH-Luat-Th-93200.html
CÔNG TY TNHH JVH31 VINA,"JVH31 VINA CO., LTD",111093190,"Tầng 4 Tòa nhà N01-T4 Khu Đoàn Ngoại Giao, Đường Hoàng Minh Thảo, Phường  Xuân Tảo, Quận Bắc Từ Liêm, Hà Nội",Đang hoạt động (đã được cấp GCN ĐKT),18/06/2025,,https://infodoanhnghiep.com/thong-tin/Cong-Ty-TNHH-Jvh31-Vina-93190.html
CÔNG TY TNHH CLUX VIỆT NAM,"CLUX VN CO.,LTD",111087197,"Số 4, ngõ 25 Nguyễn Ngọc Vũ, Phường Trung Hòa, Quận Cầu Giấy, Hà Nội",Đang hoạt động (đã được cấp GCN ĐKT),13/06/2025,"Bán lẻ đồ điện gia dụng, giường, tủ, bàn, ghế và đồ nội thất tương tự, đèn và bộ đèn điện, đồ dùng gia đình khác chưa được phân vào đâu trong các cửa hàng chuyên doanh",https://infodoanhnghiep.com/thong-tin/Cong-Ty-TNHH-Clux-Viet-Nam-87197.html
CÔNG TY TNHH SẢN XUẤT VÀ THƯƠNG MẠI EMIU,,111087246,"SỐ30 ngách 60 ngõ 381 đường Nguyễn Khang, Phường Yên Hoà, Quận Cầu Giấy, Hà Nội",Đang hoạt động (đã được cấp GCN ĐKT),13/06/2025,Sản xuất khác chưa được phân vào đâu,https://infodoanhnghiep.com/thong-tin/Cong-Ty-TNHH-San-Xuat-Va-Thuong-Mai-Emiu-87246.html
CÔNG TY TNHH VIDEC LAND,,111087165,"Tầng 3 Tòa nhà Riverside Garden, số 349 phố Vũ Tông Phan, Phường Khương Đình, Quận Thanh Xuân, Hà Nội",Đang hoạt động (đã được cấp GCN ĐKT),13/06/2025,"Kinh doanh bất động sản, quyền sử dụng đất thuộc chủ sở hữu, chủ sử dụng hoặc đi thuê",https://infodoanhnghiep.com/thong-tin/Cong-Ty-TNHH-Videc-Land-87165.html
CÔNG TY CỔ PHẦN CHUYỂN ĐỔI XANH VIỆT NAM,,111086789,"Số nhà 16 ngõ 221 Tôn Đức Thắng, Phường Hàng Bột, Quận Đống đa, Hà Nội",Đang hoạt động (đã được cấp GCN ĐKT),13/06/2025,"Vận tải hành khách đường bộ trong nội thành, ngoại thành (trừ vận tải bằng xe buýt)",https://infodoanhnghiep.com/thong-tin/Cong-Ty-Co-Phan-Chuyen-Doi-Xanh-Viet-Nam-86789.html
CÔNG TY TNHH XÂY DỰNG CTK,,111085697,"Số nhà 57, Ngõ 105/2/39 Phố Xuân La, Phường Xuân Tảo, Quận Bắc Từ Liêm, Hà Nội",Đang hoạt động (đã được cấp GCN ĐKT),13/06/2025,Xây dựng nhà để ở,https://infodoanhnghiep.com/thong-tin/Cong-Ty-TNHH-Xay-Dung-Ctk-85697.html
CÔNG TY TNHH TM VÀ DV ĐIỆN LẠNH BẮC VIỆT,"BAC VIET TM AND DV CO.,LTD",111087091,"Số 56 đường Phạm Văn Đồng, Phường Xuân Đỉnh, Quận Bắc Từ Liêm, Hà Nội",Đang hoạt động (đã được cấp GCN ĐKT),13/06/2025,Bán buôn đồ dùng khác cho gia đình,https://infodoanhnghiep.com/thong-tin/Cong-Ty-TNHH-TM-Va-DV-Dien-Lanh-Bac-Viet-87091.html
CÔNG TY TNHH IHY FOOD,"IHYFOOD CO., LTD",111086771,"Sn7, Ngõ 102/51 Phố Hoàng Đạo Thành, Phường Hạ Đình, Quận Thanh Xuân, Hà Nội",Đang hoạt động (đã được cấp GCN ĐKT),12/6/2025,Bán buôn thực phẩm,https://infodoanhnghiep.com/thong-tin/Cong-Ty-TNHH-Ihy-Food-86771.html
CÔNG TY TNHH PHUC AN INTERNATIONAL,,111086034,"Số 45 Ngô Thì Nhậm, Phường Phạm Đình Hổ, Quận Hai Bà Trưng, Hà Nội",Đang hoạt động (đã được cấp GCN ĐKT),12/6/2025,Bán buôn đồ dùng khác cho gia đình,https://infodoanhnghiep.com/thong-tin/Cong-Ty-TNHH-Phuc-An-International-86034.html
CÔNG TY CỔ PHẦN SOILTEC,SOILTEC JSC,111086362,"Tầng 3, Tòa nhà công nghệ AC, số 3, ngõ 78, đường Duy Tân, Phường Dịch Vọng Hậu, Quận Cầu Giấy, Hà Nội",Đang hoạt động (đã được cấp GCN ĐKT),12/6/2025,Hoạt động xây dựng chuyên dụng khác,https://infodoanhnghiep.com/thong-tin/Cong-Ty-Co-Phan-Soiltec-86362.html
CÔNG TY CỔ PHẦN JUNO GREEN,"JUNO GREEN.,JSC",111085915,"Số 14A, Ngõ 301 Đường Trường Chinh, Phường Khương Mai, Quận Thanh Xuân, Hà Nội",Đang hoạt động (đã được cấp GCN ĐKT),12/6/2025,"Bán buôn nông, lâm sản nguyên liệu (trừ gỗ, tre, nứa) và động vật sống",https://infodoanhnghiep.com/thong-tin/Cong-Ty-Co-Phan-Juno-Green-85915.html
CÔNG TY TNHH TĂM TRE VIÊN NÉN BA NGHIÊM,,111085545,"Xóm 7, thôn Phú Lương Thượng, Xã Quảng Phú cầu, Huyện ứng Hoà, Hà Nội",Đang hoạt động (đã được cấp GCN ĐKT),12/6/2025,"Bán buôn vật liệu, thiết bị lắp đặt khác trong xây dựng",https://infodoanhnghiep.com/thong-tin/Cong-Ty-TNHH-Tam-Tre-Vien-Nen-Ba-Nghiem-85545.html
CÔNG TY TNHH VẬN TẢI VÀ XÂY DỰNG MINH KHÔI,"MINH KHOI TRANS & CONSTR CO., LTD",111085584,"Xóm 3, thôn Viên Ngoại, Xã Hoa Viên, Huyện ứng Hoà, Hà Nội",Đang hoạt động (đã được cấp GCN ĐKT),12/6/2025,"Bán lẻ đồ ngũ kim, sơn, kính và thiết bị lắp đặt khác trong xây dựng trong các cửa hàng chuyên doanh",https://infodoanhnghiep.com/thong-tin/Cong-Ty-TNHH-Van-Tai-Va-Xay-Dung-Minh-Khoi-85584.html
CÔNG TY TNHH GIẦY DÉP TUẤN LAN STORE,,111085577,"Số Nhà 09, Thôn Mãn Xoan, Xã Kim Đường, Huyện ứng Hoà, Hà Nội",Đang hoạt động (đã được cấp GCN ĐKT),12/6/2025,"Sản xuất giày, dép",https://infodoanhnghiep.com/thong-tin/Cong-Ty-TNHH-Giay-Dep-Tuan-Lan-Store-85577.html
CÔNG TY TNHH SEN MƯỜNG,"SEN MUONG CO.,LTD",111085986,"sốll ngõ 339 Minh Khai, Phường Minh Khai, Quận Hai Bà Trưng, Hà Nội",Đang hoạt động (đã được cấp GCN ĐKT),12/6/2025,"Dịch vụ tắm hơi, massage và các dịch vụ tăng cường sức khoẻ tương tự (trừ hoạt động thể thao)",https://infodoanhnghiep.com/thong-tin/Cong-Ty-TNHH-Sen-Muong-85986.html
CÔNG TY CỔ PHẦN TƯ VẤN PHƯƠNG ÁN TÀI CHÍNH,PATC COMPANY,111085143,"Số 48 ngõ 100 đường Trần Duy Hưng, Phường Trung Hòa, Quận Cầu Giấy, Hà Nội",Đang hoạt động (đã được cấp GCN ĐKT),12/6/2025,Cung ứng và quản lý nguồn lao động,https://infodoanhnghiep.com/thong-tin/Cong-Ty-Co-Phan-Tu-Van-Phuong-An-Tai-Chinh-85143.html
CÔNG TY TNHH TMDV BẢO YẾN,,111085552,"SỐ41, đường Vân Trì, Xã Vân Nội, Huyện Đông Anh, Hà Nội",Đang hoạt động (đã được cấp GCN ĐKT),12/6/2025,Bán buôn đồ dùng khác cho gia đình,https://infodoanhnghiep.com/thong-tin/Cong-Ty-TNHH-TMDV-Bao-Yen-85552.html
CÔNG TY TNHH SẢN XUẤT THƯƠNG MẠI VÀ XÂY DỰNG ĐÌNH KHÁNH,,111085538,"Số nhà 41, ngõ 147, tuyến 5, xóm 2, Thôn Vĩnh Thanh, Xã Vĩnh Ngọc, Huyện Đông Anh, Hà Nội",Đang hoạt động (đã được cấp GCN ĐKT),12/6/2025,,https://infodoanhnghiep.com/thong-tin/Cong-Ty-TNHH-San-Xuat-Thuong-Mai-Va-Xay-Dung-Dinh-Khanh-85538.html
CÔNG TY CỔ PHẦN ĐT VÀ PT S CAPITAL,,111085150,"Số 144, ngõ 42, phố Nguyễn Vĩnh Bảo, Phường Trung Hòa, Quận Cầu Giấy, Hà Nội",Đang hoạt động (đã được cấp GCN ĐKT),12/6/2025,"Bán lẻ thuốc, dụng cụ y tế, mỹ phẩm và vật phẩm vệ sinh trong các cửa hàng chuyên doanh",https://infodoanhnghiep.com/thong-tin/Cong-Ty-Co-Phan-Dt-Va-Pt-S-Capital-85150.html
CÔNG TY TNHH THƯƠNG MẠI VÀ DỊCH VỤ CAO PHƯƠNG,"CAO PHUONG.,LTD",111086027,"Số 116 HA, Phố Nguyễn Công Trứ, Phường Phố Huế, Quận Hai Bà Trưng, Hà Nội",Đang hoạt động (đã được cấp GCN ĐKT),12/6/2025,"Bán buôn máy móc, thiết bị và phụ tùng máy khác",https://infodoanhnghiep.com/thong-tin/Cong-Ty-TNHH-Thuong-Mai-Va-Dich-Vu-Cao-Phuong-86027.html
CÔNG TY TNHH XUẤT NHẬP KHẨU VÀ THƯƠNG MẠI SMAX VIỆT NAM,"SMAX VIETNAM CO .,LTD",111085954,"Số 8 ngách 10/31 Đường Tôn Thất Tùng, Phường Khương Thượng, Quận Đống đa, Hà Nội",Đang hoạt động (đã được cấp GCN ĐKT),12/6/2025,"Bán buôn thiết bị và linh kiện điện tử, viễn thông",https://infodoanhnghiep.com/thong-tin/Cong-Ty-TNHH-Xuat-Nhap-Khau-Va-Thuong-Mai-Smax-Viet-Nam-85954.html
CÔNG TY TNHH THE MEDIA STORE,,111085746,"Số 1/70 ngõ Linh Quang, Phường Văn Chương, Quận Đống đa, Hà Nội",Đang hoạt động (đã được cấp GCN ĐKT),12/6/2025,Bán lẻ hàng hóa khác mới trong các cửa hàng chuyên doanh,https://infodoanhnghiep.com/thong-tin/Cong-Ty-TNHH-The-Media-Store-85746.html
CÔNG TY TNHH TMDV VÀNG BẠC ĐÁ QUÝ HOÀNG KIM,,111085947,"Số 153 Giảng Võ, Phường Cát Linh, Quận Đống đa, Hà Nội",Đang hoạt động (đã được cấp GCN ĐKT),12/6/2025,Bán lẻ hàng hóa khác mới trong các cửa hàng chuyên doanh,https://infodoanhnghiep.com/thong-tin/Cong-Ty-TNHH-TMDV-Vang-Bac-Da-Quy-Hoang-Kim-85947.html
CÔNG TY TNHH SẢN XUẤT VÀ PHÁT TRIỂN THƯƠNG MẠI DỊCH VỤ THÀNH CÔNG,,111085908,"Số 12 ngách 183/4 phố Đặng Tiến Đông, Phường Trung Liệt, Quận Đống đa, Hà Nội",Đang hoạt động (đã được cấp GCN ĐKT),12/6/2025,Bán buôn đồ uống,https://infodoanhnghiep.com/thong-tin/Cong-Ty-TNHH-San-Xuat-Va-Phat-Trien-Thuong-Mai-Dich-Vu-Thanh-Cong-85908.html
CÔNG TY TNHH NAM PHÁT HN,"NAM PHAT HN CO.,LTD",111086563,"Số nhà 100 Thôn Rùa Thượng, Xã Thanh Thùy, Huyện Thanh Oai, Hà Nội",Đang hoạt động (đã được cấp GCN ĐKT),12/6/2025,Gia công cơ khí; xử lý và tráng phủ kim loại,https://infodoanhnghiep.com/thong-tin/Cong-Ty-TNHH-Nam-Phat-Hn-86563.html
CÔNG TY TNHH VISEMI VIỆT NAM,VISEMI,111085104,"44-Bt4 Khu Đô Thị Mới cầu Bươu, Xã Tân Triều, Huyện Thanh Trì, Hà Nội",Đang hoạt động (đã được cấp GCN ĐKT),12/6/2025,Giáo dục khác chưa được phân vào đâu,https://infodoanhnghiep.com/thong-tin/Cong-Ty-TNHH-Visemi-Viet-Nam-85104.html
CÔNG TY TNHH THƯƠNG MẠI VÀ DỊCH VỤ XUẤT NHẬP KHẨU TM ORIGINAL. VIỆT NAM,,111085182,"Số 5 Ngõ 105 đường Chiến Thắng , Phường Văn Quán, Quận Hà Đông, Hà Nội",Đang hoạt động (đã được cấp GCN ĐKT),12/6/2025,"Bán buôn thiết bị và linh kiện điện tử, viễn thông",https://infodoanhnghiep.com/thong-tin/Cong-Ty-TNHH-Thuong-Mai-Va-Dich-Vu-Xuat-Nhap-Khau-TM-Original-Viet-Nam-85182.html
CÔNG TY TNHH CLOUDVIET WORLDWIDE,"CLOUDVIET WORLDWIDE CO.,LTD",111086299,"Số 06, đường Nguyệt Quế 25, KĐT Vinhomes The Harmony, Phường Phúc Đồng, Quận Long Biên, Hà Nội",Đang hoạt động (đã được cấp GCN ĐKT),12/6/2025,"Kinh doanh bất động sản, quyền sử dụng đất thuộc chủ sở hữu, chủ sử dụng hoặc đi thuê",https://infodoanhnghiep.com/thong-tin/Cong-Ty-TNHH-Cloudviet-Worldwide-86299.html
CÔNG TY TNHH THƯƠNG MẠI VÀ DỊCH VỤ XUÂN KIỀU,,111085168,"Số 3, Ngõ 108 phố Đại An, Tổ 6, Phường Văn Quán, Quận Hà Đông, Hà Nội",Đang hoạt động (đã được cấp GCN ĐKT),12/6/2025,Bán lẻ  khác trong các cửa hàng kinh doanh tổng hợp,https://infodoanhnghiep.com/thong-tin/Cong-Ty-TNHH-Thuong-Mai-Va-Dich-Vu-Xuan-Kieu-85168.html
CÔNG TY TNHH THD VIỆT NAM,"THD VIET NAM CO., LTD",111085249,"LK8-L5, Khu đấu giá QSD đất Mậu Lương, Phường Kiến Hưng, Quận Hà Đông, Hà Nội",Đang hoạt động (đã được cấp GCN ĐKT),12/6/2025,"Bán buôn máy móc, thiết bị và phụ tùng máy khác",https://infodoanhnghiep.com/thong-tin/Cong-Ty-TNHH-Thd-Viet-Nam-85249.html
CÔNG TY TNHH APIXA GROUP,,111085217,"Tầng 12 Khu văn phòng, Khối c, Tòa nhà Hồ Gươm Plaza, số 102 Trần Phú, Phường Mộ Lao, Quận Hà Đông, Hà Nội",Đang hoạt động (đã được cấp GCN ĐKT),12/6/2025,Lập trình máy vi tính,https://infodoanhnghiep.com/thong-tin/Cong-Ty-TNHH-Apixa-Group-85217.html
CÔNG TY TNHH OUKEYA VIỆT NAM,"OUKEYA VIETNAM CO., LTD",111085295,"Số 2 ngõ 130/41 đường La Nội, Phường Dương Nội, Quận Hà Đông, Hà Nội",Đang hoạt động (đã được cấp GCN ĐKT),12/6/2025,Bán buôn đồ dùng khác cho gia đình,https://infodoanhnghiep.com/thong-tin/Cong-Ty-TNHH-Oukeya-Viet-Nam-85295.html
CÔNG TY TNHH SẢN XUẤT VÀ THƯƠNG MẠI THÉP MẠNH HẰNG,,111085270,"SỐ361Ô A5 Khu Công Nghiệp Phùng Xá, Xã Phùng Xá, Huyện Thạch Thất, Hà Nội",Đang hoạt động (đã được cấp GCN ĐKT),12/6/2025,Bán buôn kim loại và quặng kim loại,https://infodoanhnghiep.com/thong-tin/Cong-Ty-TNHH-San-Xuat-Va-Thuong-Mai-Thep-Manh-Hang-85270.html
CÔNG TY TNHH SXTM & DV KIM QUẾ,"KIM QUE SXTM & DV CO., LTD",111085224,"C10-05, Khu đô thị Geleximco, đường Lê Trọng Tấn, Phường Dương Nội, Quận Hà Đông, Hà Nội",Đang hoạt động (đã được cấp GCN ĐKT),12/6/2025,"Bán buôn vải, hàng may mặc, giày dép",https://infodoanhnghiep.com/thong-tin/Cong-Ty-TNHH-Sxtm-DV-Kim-Que-85224.html
CÔNG TY TNHH GIỐNG CÂY TRỒNG CÔNG NGHỆ CAO ISRAEL VIỆT NAM,,111085721,"Số nhà 17, ngách 9, ngõ 280 đường cổ Nhuế, Phường cổ Nhuế 2, Quận Bắc Từ Liêm, Hà Nội",Đang hoạt động (đã được cấp GCN ĐKT),12/6/2025,Nhân và chăm sóc cây giống hàng năm,https://infodoanhnghiep.com/thong-tin/Cong-Ty-TNHH-Giong-Cay-Trong-Cong-Nghe-Cao-Israel-Viet-Nam-85721.html
CÔNG TY TNHH KINH DOANH THỰC PHẨM AN PHÁT TP,,111085231,"Số 10, ngõ 1008/31 Đường Quang Trung, Phường Yên Nghĩa, Quận Hà Đông, Hà Nội",Đang hoạt động (đã được cấp GCN ĐKT),12/6/2025,Bán buôn thực phẩm,https://infodoanhnghiep.com/thong-tin/Cong-Ty-TNHH-Kinh-Doanh-Thuc-Pham-An-Phat-Tp-85231.html
CÔNG TY TNHH THƯƠNG MẠI VÀ DỊCH VỤ SA CHI,"SA CHI TRADING AND SERVICE CO.,LTD",111085866,"Số 1B ngách 50/30 Đại Cát, Phường Liên Mạc, Quận Bắc Từ Liêm, Hà Nội",Đang hoạt động (đã được cấp GCN ĐKT),12/6/2025,Dịch vụ hỗ trợ giáo dục,https://infodoanhnghiep.com/thong-tin/Cong-Ty-TNHH-Thuong-Mai-Va-Dich-Vu-Sa-Chi-85866.html
CÔNG TY TNHH SANVIKANA,,111085739,"Số 519 Phạm Văn Đồng, TDP Hoàng 13, Phường cổ Nhuế 1, Quận Bắc Từ Liêm, Hà Nội",Đang hoạt động (đã được cấp GCN ĐKT),12/6/2025,"Hoạt động chuyên môn, khoa học và công nghệ khác chưa được phân vào đâu",https://infodoanhnghiep.com/thong-tin/Cong-Ty-TNHH-Sanvikana-85739.html
CÔNG TY TNHH VÀNG BẠC THỊNH ĐẠT,,111086186,"Số 289 đường Lĩnh Nam, Phường Vĩnh Hưng, Quận Hoàng Mai, Hà Nội",Đang hoạt động (đã được cấp GCN ĐKT),12/6/2025,Bán lẻ hàng hóa khác mới trong các cửa hàng chuyên doanh,https://infodoanhnghiep.com/thong-tin/Cong-Ty-TNHH-Vang-Bac-Thinh-Dat-86186.html
CÔNG TY TNHH VY KÍNH VIỆT NAM,VY KÍNH VIỆT NAM,111086080,"Số 8 ngõ 989 Tam Trinh, Phường Yên Sở, Quận Hoàng Mai, Hà Nội",Đang hoạt động (đã được cấp GCN ĐKT),12/6/2025,Bán lẻ hàng hóa khác mới trong các cửa hàng chuyên doanh,https://infodoanhnghiep.com/thong-tin/Cong-Ty-TNHH-Vy-Kinh-Viet-Nam-86080.html
CÔNG TY TNHH XUẤT NHẬP KHẨU THỦ CÔNG MỸ NGHỆ PHÚC VINH,"PHUC VINH HANDICRAET CO.,LTD",111085658,"Số Nhà 06, Đường Hoa Sen, Thôn Bối Khê, Xã Chuyên Mỹ, Huyện Phú Xuyên, Hà Nội",Đang hoạt động (đã được cấp GCN ĐKT),12/6/2025,Bán buôn chuyên doanh khác chưa được phân vào đâu,https://infodoanhnghiep.com/thong-tin/Cong-Ty-TNHH-Xuat-Nhap-Khau-Thu-Cong-My-Nghe-Phuc-Vinh-85658.html
CÔNG TY TNHH KINH DOANH THƯƠNG MẠI PHƯƠNG LAN,,111084904,"Số 4/3 đường Thanh Vỵ, Phường Sơn Lộc, Thị Xã Sơn Tây, Hà Nội",Đang hoạt động (đã được cấp GCN ĐKT),12/6/2025,Bán buôn thực phẩm,https://infodoanhnghiep.com/thong-tin/Cong-Ty-TNHH-Kinh-Doanh-Thuong-Mai-Phuong-Lan-84904.html
CÔNG TY TNHH THƯƠNG MẠI VÀ DỊCH VỤ TỔNG HỢP ANH THƯ,,111084943,"Số 190 Hoàng Công Chất, Phường Phú Diễn, Quận Bắc Từ Liêm, Hà Nội",Đang hoạt động (đã được cấp GCN ĐKT),12/6/2025,"Bán lẻ lương thực, thực phẩm, đồ uống, thuốc lá, thuốc lào chiếm tỷ trọng lớn trong các cửa hàng kinh doanh tổng hợp",https://infodoanhnghiep.com/thong-tin/Cong-Ty-TNHH-Thuong-Mai-Va-Dich-Vu-Tong-Hop-Anh-Thu-84943.html
CÔNG TY CỔ PHẦN TQD VIỆT NAM,"TQD VIET NAM.,JSC",111084245,"LK12-N02, Dự án đầu tư nhà ở thấp tầng tại khu lò gạch ( giai đoạn II), Xã Cự Khê, Huyện Thanh Oai, Hà Nội",Đang hoạt động (đã được cấp GCN ĐKT),11/6/2025,"Sản xuất mỹ phẩm, xà phòng, chất tẩy rửa, làm bóng và chế phẩm vệ sinh",https://infodoanhnghiep.com/thong-tin/Cong-Ty-Co-Phan-Tqd-Viet-Nam-84245.html
CÔNG TY TNHH THỰC PHẨM CÚC SƠN,,111083650,"Xóm 1, Thôn Hoàng Xá, Xã Hoàng Kim, Huyện Mê Linh, Hà Nội",Đang hoạt động (đã được cấp GCN ĐKT),11/6/2025,"Bán lẻ lương thực, thực phẩm, đồ uống, thuốc lá, thuốc lào lưu động hoặc tại chợ",https://infodoanhnghiep.com/thong-tin/Cong-Ty-TNHH-Thuc-Pham-Cuc-Son-83650.html
CÔNG TY TNHH BALO - CẶP SÁCH ĐẠT THU,"DAT THU BACKPACK - SCHOOL BAG CO.,LTD",111083996,"Số 143 Nguyễn Quý Trị, Xã Kiêu Kỵ, Huyện Gia Lâm, Hà Nội",Đang hoạt động (đã được cấp GCN ĐKT),11/6/2025,"Bán lẻ hàng may mặc, giày dép, hàng da và giả da trong các cửa hàng chuyên doanh",https://infodoanhnghiep.com/thong-tin/Cong-Ty-TNHH-Balo-Cap-Sach-Dat-Thu-83996.html
CÔNG TY CỔ PHẦN THỰC PHẨM KOVINCO,"KOVINCO FOODS .,JSC",111058855,"số 198 ngõ 198 đường Phố Huế, Phường Nguyễn Du, Quận Hai Bà Trưng, Hà Nội",Đang hoạt động (đã được cấp GCN ĐKT),22/05/2025,Sản xuất thực phẩm khác chưa được phân vào đâu,https://infodoanhnghiep.com/thong-tin/Cong-Ty-Co-Phan-Thuc-Pham-Kovinco-58855.html
CÔNG TY CỔ PHẦN ĐẦU TƯ VÀ THƯƠNG MẠI VIK,"VIK TAI.,JSC",111055780,"Tầng 3, Tòa nhà Viwaseen, số 48 Tố Hữu, Phường Trung Văn, Quận Nam Từ Liêm, Hà Nội",Đang hoạt động (đã được cấp GCN ĐKT),22/05/2025,Bán buôn kim loại và quặng kim loại,https://infodoanhnghiep.com/thong-tin/Cong-Ty-Co-Phan-Dau-Tu-Va-Thuong-Mai-Vik-55780.html
CÔNG TY CỔ PHẦN PHÁT TRIỂN ĐẦU TƯ AN PHÚ,"AN PHU INVESTMENT DEVELOPMENT ., JSC",111058044,"Liền ke 1-D02, Khu đô thị Splendora Bắc An Khánh, Xã An Khánh, Huyện Hoài Đức, Hà Nội",Đang hoạt động (đã được cấp GCN ĐKT),22/05/2025,"Hoạt động chăm sóc sứckhoẻ người có công, người già và người khuyết tật không có khảnăng tự chăm sóc",https://infodoanhnghiep.com/thong-tin/Cong-Ty-Co-Phan-Phat-Trien-Dau-Tu-An-Phu-58044.html
CÔNG TY CỔ PHẦN PHÁT TRIỂN DỊCH VỤ TOÀN TÂM,"TOAN TAM SERVICE DEVELOPMENT., JSC",111058005,"Liền kềl- E06, Khu đô thị Splendora Bắc An Khánh, Xã An Khánh, Huyện Hoài Đức, Hà Nội",Đang hoạt động (đã được cấp GCN ĐKT),22/05/2025,Hoạt động bảo vệ tư nhân,https://infodoanhnghiep.com/thong-tin/Cong-Ty-Co-Phan-Phat-Trien-Dich-Vu-Toan-Tam-58005.html
CÔNG TY TNHH OCTA-PLUS,,111058661,"Tầng 9, Toà Nhà HL số 6/82 Duy Tân , Phường Dịch Vọng Hậu, Quận Cầu Giấy, Hà Nội",Đang hoạt động (đã được cấp GCN ĐKT),22/05/2025,"Kinh doanh bất động sản, quyền sử dụng đất thuộc chủ sở hữu, chủ sử dụng hoặc đi thuê",https://infodoanhnghiep.com/thong-tin/Cong-Ty-TNHH-Octa-Plus-58661.html
CÔNG TY TNHH MTV THƯƠNG MẠI & DỊCH VỤ THANH HUYỀN,"THANH HUYEN TRADING & SERVICES CO., LTD",111058710,"Số 176, đường La Phù, thôn Chùa Tổng, Xã La Phù, Huyện Hoài Đức, Hà Nội",Đang hoạt động (đã được cấp GCN ĐKT),22/05/2025,Bán buôn đồ uống,https://infodoanhnghiep.com/thong-tin/Cong-Ty-TNHH-MTV-Thuong-Mai-Dich-Vu-Thanh-Huyen-58710.html
CÔNG TY TNHH CÔNG ĐÔN,"CONG DON CO., LTD",111058460,"Thửa đất số 362B Tờ Bản Đồ 5 Huyền Kỳ, Phường Phú Lãm, Quận Hà Đông, Hà Nội",Đang hoạt động (đã được cấp GCN ĐKT),21/05/2025,"Bán buôn máy móc, thiết bị và phụ tùng máy khác",https://infodoanhnghiep.com/thong-tin/Cong-Ty-TNHH-Cong-Don-58460.html
CÔNG TY CỔ PHẦN RISON,"RISON., JSC",111058573,"Số 4, Liền Ke 4, Khu Đô Thị Văn Khê, Phường La Khê, Quận Hà Đông, Hà Nội",Đang hoạt động (đã được cấp GCN ĐKT),21/05/2025,Bán lẻ theo yêu cầu đặt hàng qua bưu điện hoặc internet,https://infodoanhnghiep.com/thong-tin/Cong-Ty-Co-Phan-Rison-58573.html
CÔNG TY TNHH VIETNAM WANDER,,111058647,"Số 6D ngách 1 ngõ 78 Phố Bồ Đe, Phường Bồ Đe, Quận Long Biên, Hà Nội",Đang hoạt động (đã được cấp GCN ĐKT),21/05/2025,Điều hành tua du lịch,https://infodoanhnghiep.com/thong-tin/Cong-Ty-TNHH-Vietnam-Wander-58647.html
CÔNG TY CỔ PHẦN ĐẦU TƯ VÀ PHÁT TRIỂN NGHỆ THUẬT VIET PASSION,,111058622,"Số 102 Đường Cái Làng, đội 3, Xã Hồng Minh, Huyện Phú Xuyên, Hà Nội",Đang hoạt động (đã được cấp GCN ĐKT),21/05/2025,Sản xuất nhạc cụ,https://infodoanhnghiep.com/thong-tin/Cong-Ty-Co-Phan-Dau-Tu-Va-Phat-Trien-Nghe-Thuat-Viet-Passion-58622.html
CÔNG TY CỔ PHẦN VTUP28,"VTUP28., JSC",111058608,"Liền kề 04, Lô 08, Ngõ 67 Phùng Khoang, Phường Trung Văn, Quận Nam Từ Liêm, Hà Nội",Đang hoạt động (đã được cấp GCN ĐKT),21/05/2025,Giáo dục khác chưa được phân vào đâu,https://infodoanhnghiep.com/thong-tin/Cong-Ty-Co-Phan-Vtup28-58608.html
CÔNG TY TNHH TMV QUỐC TẾ VENUS GROUP,,111058485,"Số nhà Dml-16 ngõ 242 đường Vạn Phúc, Phường Vạn Phúc, Quận Hà Đông, Hà Nội",Đang hoạt động (đã được cấp GCN ĐKT),21/05/2025,"Bán lẻ thuốc, dụng cụ y tế, mỹ phẩm và vật phẩm vệ sinh trong các cửa hàng chuyên doanh",https://infodoanhnghiep.com/thong-tin/Cong-Ty-TNHH-Tmv-Quoc-Te-Venus-Group-58485.html
CÔNG TY TNHH TM DV SƠN HẰNG,,111058598,"Thôn Cổ Trai, Xã Đại Xuyên, Huyện Phú Xuyên, Hà Nội",Đang hoạt động (đã được cấp GCN ĐKT),21/05/2025,Bán buôn chuyên doanh khác chưa được phân vào đâu,https://infodoanhnghiep.com/thong-tin/Cong-Ty-TNHH-TM-DV-Son-Hang-58598.html
CÔNG TY TNHH NHẬT MINH DALAT MART,"NHAT MINH DALAT MART CO.,LTD",111058527,"Số 5 ngõ 971/24 Hồng Hà , Phường Chương Dương, Quận Hoàn Kiếm, Hà Nội",Đang hoạt động (đã được cấp GCN ĐKT),21/05/2025,"Bán lẻ lương thực, thực phẩm, đồ uống, thuốc lá, thuốc lào chiếm tỷ trọng lớn trong các cửa hàng kinh doanh tổng hợp",https://infodoanhnghiep.com/thong-tin/Cong-Ty-TNHH-Nhat-Minh-Dalat-Mart-58527.html
CÔNG TY TNHH TK JEWELRY,,111058076,"43-24 Khu D - Khu đô thị Geleximco Lê Trọng Tấn, Xã La Phù, Huyện Hoài Đức, Hà Nội",Đang hoạt động (đã được cấp GCN ĐKT),21/05/2025,Bán lẻ hàng hóa khác mới trong các cửa hàng chuyên doanh,https://infodoanhnghiep.com/thong-tin/Cong-Ty-TNHH-Tk-Jewelry-58076.html
CÔNG TY TNHH LIVESTREAM PLAYERDOU,,111058541,"Tầng 7, SỐ113-115 Lê Duẩn, Phường Cửa Nam, Quận Hoàn Kiếm, Hà Nội",Đang hoạt động (đã được cấp GCN ĐKT),21/05/2025,Bán lẻ theo yêu cầu đặt hàng qua bưu điện hoặc internet,https://infodoanhnghiep.com/thong-tin/Cong-Ty-TNHH-Livestream-Playerdou-58541.html
CÔNG TY CỔ PHẦN TAMASHI,TAMASHI,111058051,"Xóm 3, thôn Đồng Nhân, Xã Đông La, Huyện Hoài Đức, Hà Nội",Đang hoạt động (đã được cấp GCN ĐKT),21/05/2025,"Bán buôn vật liệu, thiết bị lắp đặt khác trong xây dựng",https://infodoanhnghiep.com/thong-tin/Cong-Ty-Co-Phan-Tamashi-58051.html
CÔNG TY TNHH THP HÀ NỘI XANH,THP HÀ NỘI XANH,111058478,"Số 202 đường Phan Đình Giót, Tổ dân phố số 2, Phường La Khê, Quận Hà Đông, Hà Nội",Đang hoạt động (đã được cấp GCN ĐKT),21/05/2025,Tổ chức giới thiệu và xúc tiến thương mại,https://infodoanhnghiep.com/thong-tin/Cong-Ty-TNHH-Thp-Ha-Noi-Xanh-58478.html
CÔNG TY TNHH KHANG NGỌC HTC,"KHANG NGOC HTC CO., LTD",111058037,"Số nhà 35, ngõ 229, thôn Ải, Xã Di Trạch, Huyện Hoài Đức, Hà Nội",Đang hoạt động (đã được cấp GCN ĐKT),21/05/2025,Bán buôn thực phẩm,https://infodoanhnghiep.com/thong-tin/Cong-Ty-TNHH-Khang-Ngoc-Htc-58037.html
CÔNG TY TNHH THƯƠNG MẠI VÀ ĐÀO TẠO THẠCH HÀ,"THACH HA TRADING AND TRAINING CO., LTD",111058012,"SỐ18- LK37 Khu đô thị Vân Canh, Xã Vân Canh, Huyện Hoài Đức, Hà Nội",Đang hoạt động (đã được cấp GCN ĐKT),21/05/2025,Giáo dục khác chưa được phân vào đâu,https://infodoanhnghiep.com/thong-tin/Cong-Ty-TNHH-Thuong-Mai-Va-Dao-Tao-Thach-Ha-58012.html
CÔNG TY TNHH THƯƠNG MẠI HD MEDISKIN,"HD MEDISKIN TRADING CO.,LTD",111057996,"BT13-11 Khu đô thị Hoa Phượng An Khánh, Xã An Khánh, Huyện Hoài Đức, Hà Nội",Đang hoạt động (đã được cấp GCN ĐKT),21/05/2025,"Bán lẻ thuốc, dụng cụ y tế, mỹ phẩm và vật phẩm vệ sinh trong các cửa hàng chuyên doanh",https://infodoanhnghiep.com/thong-tin/Cong-Ty-TNHH-Thuong-Mai-HD-Mediskin-57996.html
CÔNG TY TNHH AVERON TECHNOLOGY,AVERON TECH,111055967,"Tầng 6,Tòa nhà Việt Á, số 9 Duy Tân, Phường Dịch Vọng Hậu, Quận Cầu Giấy, Hà Nội",Đang hoạt động (đã được cấp GCN ĐKT),20/05/2025,Lập trình máy vi tính,https://infodoanhnghiep.com/thong-tin/Cong-Ty-TNHH-Averon-Technology-55967.html
CÔNG TY TNHH MTV DUC DINH EDUCATION VIET NAM,,111056015,"Số 97 phố Khúc Thừa Dụ, Phường Dịch Vọng, Quận Cầu Giấy, Hà Nội",Đang hoạt động (đã được cấp GCN ĐKT),20/05/2025,Giáo dục khác chưa được phân vào đâu,https://infodoanhnghiep.com/thong-tin/Cong-Ty-TNHH-MTV-Duc-Dinh-Education-Viet-Nam-56015.html
CÔNG TY TNHH DỊCH VỤ THÔNG TIN 369 VIỆT NAM,,111055981,"Tầng 6,Tòa nhà Việt Á, số 9 Phố Duy Tân, Phường Dịch Vọng Hậu, Quận Cầu Giấy, Hà Nội",Đang hoạt động (đã được cấp GCN ĐKT),20/05/2025,,https://infodoanhnghiep.com/thong-tin/Cong-Ty-TNHH-Dich-Vu-Thong-Tin-369-Viet-Nam-55981.html
CÔNG TY TNHH THƯƠNG MẠI DỊCH VỤ PCCC PHÚ QUÂN,"PHU QUAN PCCC SERVICES TRADING CO.,LTD",111055999,"SỐ4TỔ6 Đường Nguyễn Khánh Toàn, Phường Quan Hoa, Quận Cầu Giấy, Hà Nội",Đang hoạt động (đã được cấp GCN ĐKT),20/05/2025,Lắp đặt hệ thống xây dựng khác,https://infodoanhnghiep.com/thong-tin/Cong-Ty-TNHH-Thuong-Mai-Dich-Vu-PCCC-Phu-Quan-55999.html
CÔNG TY TNHH QUÝ PHI WELLNESS,"QUY PHI.,LTD",111056008,"Tầng 9,Toà Nhà HL số 6/82 Duy Tân, Phường Dịch Vọng Hậu, Quận Cầu Giấy, Hà Nội",Đang hoạt động (đã được cấp GCN ĐKT),20/05/2025,"Bán lẻ thuốc, dụng cụ y tế, mỹ phẩm và vật phẩm vệ sinh trong các cửa hàng chuyên doanh",https://infodoanhnghiep.com/thong-tin/Cong-Ty-TNHH-Quy-Phi-Wellness-56008.html
CÔNG TY TNHH SUNSINE MEDIA,,111055974,"Tầng 8, Tháp Tây, Tòa nhà Hancorp Plaza, số 72 Đường Trần Đăng Ninh, Phường Dịch Vọng, Quận Cầu Giấy, Hà Nội",Đang hoạt động (đã được cấp GCN ĐKT),20/05/2025,Tổ chức giới thiệu và xúc tiến thương mại,https://infodoanhnghiep.com/thong-tin/Cong-Ty-TNHH-Sunsine-Media-55974.html
CÔNG TY CỔ PHẦN NHÀ KHỎE VIỆT NAM,"HEALTHY HOME., JSC",111055413,"Số nhà 16, ngõ 26, đường Nguyên Hồng, Phường Láng Hạ, Quận Đống đa, Hà Nội",Đang hoạt động (đã được cấp GCN ĐKT),20/05/2025,"Bán buôn nông, lâm sản nguyên liệu (trừ gỗ, tre, nứa) và động vật sống",https://infodoanhnghiep.com/thong-tin/Cong-Ty-Co-Phan-Nha-Khoe-Viet-Nam-55413.html
CÔNG TY CỔ PHẦN BẤT ĐỘNG SẢN SUPERLAND VIỆT NAM,SUPERLAND VIỆT NAM,111056061,"Căn số 15A, tầng 18, tòa G3 Vinhomes Green Bay, Phường Mễ Trì, Quận Nam Từ Liêm, Hà Nội",Đang hoạt động (đã được cấp GCN ĐKT),20/05/2025,"Kinh doanh bất động sản, quyền sử dụng đất thuộc chủ sở hữu, chủ sử dụng hoặc đi thuê",https://infodoanhnghiep.com/thong-tin/Cong-Ty-Co-Phan-Bat-Dong-San-Superland-Viet-Nam-56061.html
CÔNG TY TNHH BANANA CARDS,"BANANA CARDS CO., LTD",111055389,"SỐ55, đường Đôn Thư, Xã Kim Thư, Huyện Thanh Oai, Hà Nội",Đang hoạt động (đã được cấp GCN ĐKT),17/05/2025,"Bán lẻ máy vi tính, thiết bị ngoại vi, phần mềm và thiết bị viễn thông trong các cửa hàng chuyên doanh",https://infodoanhnghiep.com/thong-tin/Cong-Ty-TNHH-Banana-Cards-55389.html
CÔNG TY TNHH THƯƠNG MẠI VÀ DỊCH VỤ THU HA SPA,,111054314,"SỐ215 đường Tựu Liệt, Xã Tam Hiệp, Huyện Thanh Trì, Hà Nội",Đang hoạt động (đã được cấp GCN ĐKT),17/05/2025,"Cắt tóc, làm đầu, gội đầu",https://infodoanhnghiep.com/thong-tin/Cong-Ty-TNHH-Thuong-Mai-Va-Dich-Vu-Thu-Ha-Spa-54314.html
CÔNG TY TNHH KHAI THÁC VÀ KINH DOANH KHOÁNG SẢN PHƯƠNG THẢO,,111055438,"Số 5 Thôn 5, Xã Vân Phúc, Huyện Phúc Thọ, Hà Nội",Đang hoạt động (đã được cấp GCN ĐKT),17/05/2025,Bán buôn kim loại và quặng kim loại,https://infodoanhnghiep.com/thong-tin/Cong-Ty-TNHH-Khai-Thac-Va-Kinh-Doanh-Khoang-San-Phuong-Thao-55438.html
CÔNG TY TNHH DƯỢC PHẨM HÀ NỘI PHARMA,,111055011,"Số nhà 75, ngõ 120, phố Dương Văn Bé, Phường Vĩnh Tuy, Quận Hai Bà Trưng, Hà Nội",Đang hoạt động (đã được cấp GCN ĐKT),17/05/2025,Bán buôn thực phẩm,https://infodoanhnghiep.com/thong-tin/Cong-Ty-TNHH-Duoc-Pham-Ha-Noi-Pharma-55011.html
CÔNG TY TNHH SX VÀ THƯƠNG MẠI VIỆT HƯNG,,111055357,"Số nhà 34, ngõ 4 xóm Trại, thôn Rùa Hạ 2, Xã Thanh Thùy, Huyện Thanh Oai, Hà Nội",Đang hoạt động (đã được cấp GCN ĐKT),17/05/2025,Bán buôn kim loại và quặng kim loại,https://infodoanhnghiep.com/thong-tin/Cong-Ty-TNHH-Sx-Va-Thuong-Mai-Viet-Hung-55357.html
CÔNG TY TNHH ĐẦU TƯ GIÁO DỤC MAPEDU,"MAPEDU CO.,LTD",111054346,"Nhà ở số LK_30, Khu đô thị mới Hạ Đình , Xã Tân Triều, Huyện Thanh Trì, Hà Nội",Đang hoạt động (đã được cấp GCN ĐKT),17/05/2025,Dịch vụ hỗ trợ giáo dục,https://infodoanhnghiep.com/thong-tin/Cong-Ty-TNHH-Dau-Tu-Giao-Duc-Mapedu-54346.html
CÔNG TY TNHH SẢN XUẤT VÀ THƯƠNG MẠI HÓA PHẨM QUANG TRUNG,QUANG TRUNG CHEMICAL,111054360,"SỐ 46 Ngách 18 Ngõ 902 Đường Kim Giang, Xã Thanh Liệt, Huyện Thanh Trì, Hà Nội",Đang hoạt động (đã được cấp GCN ĐKT),17/05/2025,"Sản xuất mỹ phẩm, xà phòng, chất tẩy rửa, làm bóng và chế phẩm vệ sinh",https://infodoanhnghiep.com/thong-tin/Cong-Ty-TNHH-San-Xuat-Va-Thuong-Mai-Hoa-Pham-Quang-Trung-54360.html
CÔNG TY TNHH TƯ VẤN VÀ DỊCH VỤ BẤT ĐỘNG SẢN AN GIA PHÁT LAND,,111054385,"Số nhà 109 ngõ 298 đường Ngọc Hồi Thôn Yên Ngưu, Xã Tam Hiệp, Huyện Thanh Trì, Hà Nội",Đang hoạt động (đã được cấp GCN ĐKT),17/05/2025,"Tư vấn, môi giới, đấu giá bất động sản, đấu giá quyền sử dụng đất",https://infodoanhnghiep.com/thong-tin/Cong-Ty-TNHH-Tu-Van-Va-Dich-Vu-Bat-Dong-San-An-Gia-Phat-Land-54385.html
CÔNG TY CỔ PHẦN ĐẦU TƯ VÀ PHÁT TRIỂN CÔNG NGHỆ AI VIỆT NAM,"AI VTETNAM TECHNOLOGY .,JSC",111054339,"Biệt thự R2.1, khu đô thị Eden Rose, ngõ 908, đường Kim Giang, Xã Thanh Liệt, Huyện Thanh Trì, Hà Nội",Đang hoạt động (đã được cấp GCN ĐKT),17/05/2025,Lập trình máy vi tính,https://infodoanhnghiep.com/thong-tin/Cong-Ty-Co-Phan-Dau-Tu-Va-Phat-Trien-Cong-Nghe-Ai-Viet-Nam-54339.html
CÔNG TY TNHH THANG MÁY ECOLIFT VIỆT NAM,THANG MÁY ECOLIFT VIỆT NAM,111055364,"Thôn Lam Điền, Xã Lam Điền, Huyện Chương Mỹ, Hà Nội",Đang hoạt động (đã được cấp GCN ĐKT),17/05/2025,Lắp đặt hệ thống xây dựng khác,https://infodoanhnghiep.com/thong-tin/Cong-Ty-TNHH-Thang-May-Ecolift-Viet-Nam-55364.html
CÔNG TY CỔ PHẦN THƯƠNG MẠI BĐS GIA ĐÌNH DTK LAND,DTK LAND,111054378,"Số nhà 6, Ngách 69, Ngõ 806 Kim Giang, Xã Thanh Liệt, Huyện Thanh Trì, Hà Nội",Đang hoạt động (đã được cấp GCN ĐKT),17/05/2025,"Tư vấn, môi giới, đấu giá bất động sản, đấu giá quyền sử dụng đất",https://infodoanhnghiep.com/thong-tin/Cong-Ty-Co-Phan-Thuong-Mai-BDS-Gia-Dinh-Dtk-Land-54378.html
CÔNG TY TNHH DƯỢC PHẨM MINH KHÔI,"MINH KHOIPHARMA CO.,LTD",111055283,"Tầng 2, Tòa nhà COTANA, Lô CC5A Bán đảo Linh Đàm, Phường Hoàng Liệt, Quận Hoàng Mai, Hà Nội",Đang hoạt động (đã được cấp GCN ĐKT),17/05/2025,"Bán lẻ thuốc, dụng cụ y tế, mỹ phẩm và vật phẩm vệ sinh trong các cửa hàng chuyên doanh",https://infodoanhnghiep.com/thong-tin/Cong-Ty-TNHH-Duoc-Pham-Minh-Khoi-55283.html
CÔNG TY CỔ PHẦN DẦU KHÍ CDBK,"CDBK PETRO., JSC",111054272,"Số 6 Dãy 62, Phường Bách Khoa, Quận Hai Bà Trưng, Hà Nội",Đang hoạt động (đã được cấp GCN ĐKT),17/05/2025,"Bán buôn nhiên liệu rắn, lỏng, khí và các sản phẩm liên quan",https://infodoanhnghiep.com/thong-tin/Cong-Ty-Co-Phan-Dau-Khi-Cdbk-54272.html
CÔNG TY CỔ PHẦN KHOA HỌC VÀ DỊCH VỤ NÔNG NGHIỆP VTC,"VTC AGRICULTURAL .,JSC",111055371,"Số 185 Ngách 3, Ngõ Đa, Xóm Tiếu, Thôn Hoàng Trung, Xã Hồng Dương, Huyện Thanh Oai, Hà Nội",Đang hoạt động (đã được cấp GCN ĐKT),17/05/2025,Nghiên cứu khoa học và phát triển công nghệ trong lĩnh vực khoa học nông nghiệp,https://infodoanhnghiep.com/thong-tin/Cong-Ty-Co-Phan-Khoa-Hoc-Va-Dich-Vu-Nong-Nghiep-Vtc-55371.html
CÔNG TY CỔ PHẦN GIẢI PHÁP DOANH NGHIỆP BIZUP,BIZUP BSC,111054219,"Số 18, Ngách 35/18, đường Đông Ngạc , Phường Đông Ngạc, Quận Bắc Từ Liêm, Hà Nội",Đang hoạt động (đã được cấp GCN ĐKT),17/05/2025,Giáo dục khác chưa được phân vào đâu,https://infodoanhnghiep.com/thong-tin/Cong-Ty-Co-Phan-Giai-Phap-Doanh-Nghiep-Bizup-54219.html
CÔNG TY CỔ PHẦN KIẾN TRÚC VÀ NỘI THẤT IKEAVN,"IKEAVN ARCHITECTURE AND INTERIOR ., JSC",111054184,"Phòng 601, Tầng 6 , Tòa nhà Sinh Plaza, số 18-20 đường Đức Diễn, Phường Phúc Diễn, Quận Bắc Từ Liêm, Hà Nội",Đang hoạt động (đã được cấp GCN ĐKT),17/05/2025,"Sản xuất gỗ dán, gỗ lạng, ván ép và ván mỏng khác",https://infodoanhnghiep.com/thong-tin/Cong-Ty-Co-Phan-Kien-Truc-Va-Noi-That-Ikeavn-54184.html
CÔNG TY TNHH VIETHERIX,"VIETHERIX CO.,LTD",111054755,"Số nhà 16A, Ngõ 1 Thanh Lãm, Phường Phú Lãm, Quận Hà Đông, Hà Nội",Đang hoạt động (đã được cấp GCN ĐKT),17/05/2025,Lập trình máy vi tính,https://infodoanhnghiep.com/thong-tin/Cong-Ty-TNHH-Vietherix-54755.html
CÔNG TY TNHH PHÚC KHÁNH INTERIOR,"PHUC KHANH INTERIOR CO.,LTD",111054723,"Số nhà 9, ngõ 81 đường Làng Dị, Xã Lam Sơn, Huyện Thạch Thất, Hà Nội",Đang hoạt động (đã được cấp GCN ĐKT),17/05/2025,Hoạt động thiết kế chuyên dụng,https://infodoanhnghiep.com/thong-tin/Cong-Ty-TNHH-Phuc-Khanh-Interior-54723.html
CÔNG TY TNHH BOWMAN VIỆT NAM,"BOWMAN VIET NAM CO.,LTD",111054730,"Số 32, Ngõ 65, Đường Mậu Lương, Phường Kiến Hưng, Quận Hà Đông, Hà Nội",Đang hoạt động (đã được cấp GCN ĐKT),17/05/2025,Bán buôn đồ dùng khác cho gia đình,https://infodoanhnghiep.com/thong-tin/Cong-Ty-TNHH-Bowman-Viet-Nam-54730.html
CÔNG TY TNHH SẢN XUẤT VÀ THƯƠNG MẠI CƠ KHÍ VẠN XUÂN,,111054748,"Thôn 3,Xã Hạ Bằng, Huyện Thạch Thất, Hà Nội",Đang hoạt động (đã được cấp GCN ĐKT),17/05/2025,Gia công cơ khí; xử lý và tráng phủ kim loại,https://infodoanhnghiep.com/thong-tin/Cong-Ty-TNHH-San-Xuat-Va-Thuong-Mai-Co-Khi-Van-Xuan-54748.html
CÔNG TY CỔ PHẦN TRUYỀN THÔNG NB MEDIA,"NB MEDIA MEDIA.,JSC",111054226,"Số nhà 2, ngách 5, ngõ 43, đường cổ Nhuế, Phường cổ Nhuế 2, Quận Bắc Từ Liêm, Hà Nội",Đang hoạt động (đã được cấp GCN ĐKT),17/05/2025,Quảng cáo,https://infodoanhnghiep.com/thong-tin/Cong-Ty-Co-Phan-Truyen-Thong-Nb-Media-54226.html
CÔNG TY TNHH KIM KHÍ CỬA VIỆT PHÁT,"DOOR VIET PHAT CO.,LTD",111054762,"Nhà D40-27 khu đô thị Geleximco, Phường Dương Nội, Quận Hà Đông, Hà Nội",Đang hoạt động (đã được cấp GCN ĐKT),17/05/2025,Sản xuất các cấu kiện kim loại,https://infodoanhnghiep.com/thong-tin/Cong-Ty-TNHH-Kim-Khi-Cua-Viet-Phat-54762.html
CÔNG TY TNHH GỖ HCH,"HCHW CO.,LTD",111054089,"NV10-CT15 đường Bùi Thiện Ngộ, Phường Giang Biên, Quận Long Biên, Hà Nội",Đang hoạt động (đã được cấp GCN ĐKT),17/05/2025,"Bán buôn vật liệu, thiết bị lắp đặt khác trong xây dựng",https://infodoanhnghiep.com/thong-tin/Cong-Ty-TNHH-Go-Hch-54089.html
CÔNG TY TNHH XÂY LẮP T&T THÀNH TRUNG,,111054787,"Số 25, Ngách 65/37, Tổ 11, Đường Yên Lộ, Phường Yên Nghĩa, Quận Hà Đông, Hà Nội",Đang hoạt động (đã được cấp GCN ĐKT),17/05/2025,Gia công cơ khí; xử lý và tráng phủ kim loại,https://infodoanhnghiep.com/thong-tin/Cong-Ty-TNHH-Xay-Lap-TT-Thanh-Trung-54787.html
CÔNG TY TNHH YTM,"YTM CO.,LTD",111054392,"Số 67 Đường Trục Thôn, Thôn Thắng Đầu, Xã Hòa Thạch, Huyện Quốc Oai, Hà Nội",Đang hoạt động (đã được cấp GCN ĐKT),17/05/2025,"Sản xuất vải dệt kim, vải đan móc và vải không dệt khác",https://infodoanhnghiep.com/thong-tin/Cong-Ty-TNHH-Ytm-54392.html
CÔNG TY CỔ PHẦN THƯƠNG MẠI TỔNG HỢP CAREPLUS VIỆT NAM,,111054258,"Thôn Liên Trì Đồng Sơn, Xã Tuyết Nghĩa, Huyện Quốc Oai, Hà Nội",Đang hoạt động (đã được cấp GCN ĐKT),17/05/2025,Bán buôn thực phẩm,https://infodoanhnghiep.com/thong-tin/Cong-Ty-Co-Phan-Thuong-Mai-Tong-Hop-Careplus-Viet-Nam-54258.html
CÔNG TY CỔ PHẦN ĐẦU TƯ XÂY DỰNG THƯƠNG MẠI VÀ PHÁT TRIỂN DƯƠNG QUANG,,111053046,"Số nhà 18 chi cục thủy sản, Xã Thanh Liệt, Huyện Thanh Trì, Hà Nội",Đang hoạt động (đã được cấp GCN ĐKT),17/05/2025,Xây dựng nhà để ở,https://infodoanhnghiep.com/thong-tin/Cong-Ty-Co-Phan-Dau-Tu-Xay-Dung-Thuong-Mai-Va-Phat-Trien-Duong-Quang-53046.html
CÔNG TY CỔ PHẦN KHAI KHOÁNG DHT,DHT STONE JSC,111054191,"Xóm Nội, Thôn 5 , Xã Cộng Hòa, Huyện Quốc Oai, Hà Nội",Đang hoạt động (đã được cấp GCN ĐKT),17/05/2025,Khai thác gỗ,https://infodoanhnghiep.com/thong-tin/Cong-Ty-Co-Phan-Khai-Khoang-Dht-54191.html
CÔNG TY TNHH BIG SOFT,,111054240,"Số 42B ngõ 4 Hà Trì 1, Phường Hà cầu, Quận Hà Đông, Hà Nội",Đang hoạt động (đã được cấp GCN ĐKT),17/05/2025,"Bán buôn thiết bị và linh kiện điện tử, viễn thông",https://infodoanhnghiep.com/thong-tin/Cong-Ty-TNHH-Big-Soft-54240.html
CÔNG TY TNHH BẠCH MAI GROUPS,,111054353,"Số nhà 147, thôn 4, Xã Thạch Hoà, Huyện Thạch Thất, Hà Nội",Đang hoạt động (đã được cấp GCN ĐKT),17/05/2025,"Hoạt động của các phòng khám đa khoa, chuyên khoa và nha khoa",https://infodoanhnghiep.com/thong-tin/Cong-Ty-TNHH-Bach-Mai-Groups-54353.html
CÔNG TY TRÁCH NHIỆM HỮU HẠN GIẢI PHÁP THÔNG MINH HOAPHATLAND,"HOAPHATLAND SMART CO., LTD",111054233,"Số 3, Ngõ 217 phố Nguyễn Văn Trỗi, Tổ 6 Mỗ Lao, Phường Mộ Lao, Quận Hà Đông, Hà Nội",Đang hoạt động (đã được cấp GCN ĐKT),17/05/2025,Xây dựng nhà để ở,https://infodoanhnghiep.com/thong-tin/Cong-Ty-Trach-Nhiem-Huu-Han-Giai-Phap-Thong-Minh-Hoaphatland-54233.html
CÔNG TY CỔ PHẦN NHÂN LỰC VÀ ĐẦU TƯ HỢP TÁC QUỐC TẾ THIÊN MÃ,"THIEN MA INTERNATIONAL.,JSC",111054642,"Tầng 5,Tòa Nhà Ngôi Sao, SỐ15 Phố Nguyễn Cảnh Dị, Phường Đại Kim, Quận Hoàng Mai, Hà Nội",Đang hoạt động (đã được cấp GCN ĐKT),17/05/2025,Hoạt động dịch vụ hỗ trợ khác liên quan đến vận tải,https://infodoanhnghiep.com/thong-tin/Cong-Ty-Co-Phan-Nhan-Luc-Va-Dau-Tu-Hop-Tac-Quoc-Te-Thien-Ma-54642.html
CÔNG TY CỔ PHẦN CLEVER DIGITAL,"CLEVER DIGITAL.,JSC",111052860,"Số nhà 29 Ngõ 1H Trần Quang Diệu, Phường Ô Chợ Dừa, Quận Đống đa, Hà Nội",Đang hoạt động (đã được cấp GCN ĐKT),16/05/2025,Xuất bản phần mềm,https://infodoanhnghiep.com/thong-tin/Cong-Ty-Co-Phan-Clever-Digital-52860.html
CÔNG TY TNHH XÂY DỰNG PHÚ QUANG THỊNH,"PHU QUANG THINH CO., LTD",111053014,"Số nhà 10, Khu tái định cư Đông Trù, Thôn Đông Trù, Xã Đông Hôi, Huyện Đông Anh, Hà Nội",Đang hoạt động (đã được cấp GCN ĐKT),16/05/2025,Xây dựng nhà để ở,https://infodoanhnghiep.com/thong-tin/Cong-Ty-TNHH-Xay-Dung-Phu-Quang-Thinh-53014.html
CÔNG TY CỔ PHẦN THU HOA SỮA,"THU HOA MILK ., JSC",111052966,"Khu Cầu Đen, Thôn Thạch Lỗi, Xã Thanh Xuân, Huyện Sóc Sơn, Hà Nội",Đang hoạt động (đã được cấp GCN ĐKT),16/05/2025,Bán buôn thực phẩm,https://infodoanhnghiep.com/thong-tin/Cong-Ty-Co-Phan-Thu-Hoa-Sua-52966.html
CÔNG TY TNHH KINH DOANH THÉP PHẾ LIỆU VIỆT CƯỜNG DHC,,111052606,"Thôn 3, Xã Song Phương, Huyện Hoài Đức, Hà Nội",Đang hoạt động (đã được cấp GCN ĐKT),15/05/2025,"Sản xuất sắt, thép, gang",https://infodoanhnghiep.com/thong-tin/Cong-Ty-TNHH-Kinh-Doanh-Thep-Phe-Lieu-Viet-Cuong-Dhc-52606.html
CÔNG TY TNHH METZ USA MEDICAL,,111052839,"C.TT8-12, dự án đầu tư xây dựng khu c, khu đô thị kiểu mới Kiến Hưng, Phường Kiến Hưng, Quận Hà Đông, Hà Nội",Đang hoạt động (đã được cấp GCN ĐKT),15/05/2025,Bán buôn đồ dùng khác cho gia đình,https://infodoanhnghiep.com/thong-tin/Cong-Ty-TNHH-Metz-Usa-Medical-52839.html
CÔNG TY TNHH BAO BÌ V-TECH,"V-TECH PACKAGING CO., LTD",111052596,"Số 29-D49, Khu Đô Thị Geleximco, Đường Lê Trọng Tấn, Xã La Phù, Huyện Hoài Đức, Hà Nội",Đang hoạt động (đã được cấp GCN ĐKT),15/05/2025,"Sản xuất giấy nhăn, bìa nhăn, bao bì từ giấy và bìa",https://infodoanhnghiep.com/thong-tin/Cong-Ty-TNHH-Bao-Bi-V-Tech-52596.html
CÔNG TY TNHH NÔNG SẢN JAPO,"JAPO CO., LTD",111051465,"Số nhà 36, ngõ 9, Đường cầu Đầm, Thôn Đồng Phú, Xã Dương Liễu, Huyện Hoài Đức, Hà Nội",Đang hoạt động (đã được cấp GCN ĐKT),15/05/2025,Bán buôn thực phẩm,https://infodoanhnghiep.com/thong-tin/Cong-Ty-TNHH-Nong-San-Japo-51465.html
CÔNG TY TNHH CHUYỂN PHÁT NHANH QUỐC TẾ QTN,,111052081,"Số 26 ngõ 2 khu TDC Lai Xá, Xã Kim Chung, Huyện Hoài Đức, Hà Nội",Đang hoạt động (đã được cấp GCN ĐKT),15/05/2025,Hoạt động dịch vụ hỗ trợ khác liên quan đến vận tải,https://infodoanhnghiep.com/thong-tin/Cong-Ty-TNHH-Chuyen-Phat-Nhanh-Quoc-Te-Qtn-52081.html
CÔNG TY CỔ PHẦN ASA VN GROUP,,111051592,"Tầng 2, nhà T5-OF-03, khu đô thị Vinhomes Times City, số 458 đường Minh Khai, Phường Vĩnh Tuy, Quận Hai Bà Trưng, Hà Nội",Đang hoạt động (đã được cấp GCN ĐKT),15/05/2025,Bán buôn chuyên doanh khác chưa được phân vào đâu,https://infodoanhnghiep.com/thong-tin/Cong-Ty-Co-Phan-Asa-VN-Group-51592.html
CÔNG TY TNHH TRUYỀN THÔNG VÀ SỰ KIỆN VIBE,"VIBE MEDIA & EVENT CO., LTD",111051433,"Số 7 Hẻm 129 ngách 2 ngõ 29 Nguyễn Trãi, Phường Thượng Đình, Quận Thanh Xuân, Hà Nội",Đang hoạt động (đã được cấp GCN ĐKT),15/05/2025,Tổ chức giới thiệu và xúc tiến thương mại,https://infodoanhnghiep.com/thong-tin/Cong-Ty-TNHH-Truyen-Thong-Va-Su-Kien-Vibe-51433.html
CÔNG TY CỔ PHẦN THỰC PHẨM VIỆT TÍN HÀ NỘI,"VIET TIN FOOD HANOI .,JSC",111051779,"Số nhà 15, Ngõ 323/83, Đường Xuân Đỉnh, Phường Xuân Đỉnh, Quận Bắc Từ Liêm, Hà Nội",Đang hoạt động (đã được cấp GCN ĐKT),15/05/2025,Bán buôn thực phẩm,https://infodoanhnghiep.com/thong-tin/Cong-Ty-Co-Phan-Thuc-Pham-Viet-Tin-Ha-Noi-51779.html
CÔNG TY TNHH PRINTBLUR VIỆT NAM,"PRINTBLUR VIET NAM CO.,LTD",111051426,"Tầng 3, Tòa 24T3 Thanh Xuân Complex, số 6 Lê Văn Thiêm, Phường Thanh Xuân Trung, Quận Thanh Xuân, Hà Nội",Đang hoạt động (đã được cấp GCN ĐKT),15/05/2025,Lập trình máy vi tính,https://infodoanhnghiep.com/thong-tin/Cong-Ty-TNHH-Printblur-Viet-Nam-51426.html
CÔNG TY TNHH TM&DV VINPRO,,111050937,"Thôn Xuân Tàng, Xã Bắc Phú, Huyện Sóc Sơn, Hà Nội",Đang hoạt động (đã được cấp GCN ĐKT),14/05/2025,"Bán lẻ máy vi tính, thiết bị ngoại vi, phần mềm và thiết bị viễn thông trong các cửa hàng chuyên doanh",https://infodoanhnghiep.com/thong-tin/Cong-Ty-TNHH-TmDv-Vinpro-50937.html
CÔNG TY TNHH THÉP VÀ THIẾT BỊ CÔNG NGHIỆP INSTEEL VIỆT NAM,"INSTEEL VTETNAM STEEL AND INDUSTRIAL EQUIPMENT CO., LTD",111050214,"Căn hộ 104 Nhà A2 Khu tập thể trường THPT Nguyễn Thị Minh Khai, Phố Phúc Minh, Phường Phúc Diễn, Quận Bắc Từ Liêm, Hà Nội",Đang hoạt động (đã được cấp GCN ĐKT),14/05/2025,Bán buôn kim loại và quặng kim loại,https://infodoanhnghiep.com/thong-tin/Cong-Ty-TNHH-Thep-Va-Thiet-Bi-Cong-Nghiep-Insteel-Viet-Nam-50214.html
CÔNG TY TNHH GIÁO DỤC VÀ TRI THỨC ÁNH DƯƠNG,,111050077,"Số 6, Ngõ 65 Đường Chùa Bụt Mọc, TDP 16, Phường Phú Diễn, Quận Bắc Từ Liêm, Hà Nội",Đang hoạt động (đã được cấp GCN ĐKT),14/05/2025,Giáo dục khác chưa được phân vào đâu,https://infodoanhnghiep.com/thong-tin/Cong-Ty-TNHH-Giao-Duc-Va-Tri-Thuc-Anh-Duong-50077.html
CÔNG TY TNHH ĐẦU TƯ PHÁT TRIỂN HẠ TẦNG SAO MAI,,111050197,"Số 9, phố Đặng Thùy Trâm, Phường cổ Nhuế 1, Quận Bắc Từ Liêm, Hà Nội",Đang hoạt động (đã được cấp GCN ĐKT),14/05/2025,"Bán buôn vật liệu, thiết bị lắp đặt khác trong xây dựng",https://infodoanhnghiep.com/thong-tin/Cong-Ty-TNHH-Dau-Tu-Phat-Trien-Ha-Tang-Sao-Mai-50197.html
CÔNG TY TNHH KINH DOANH XE MÁY XE ĐIỆN HẢI ĐĂNG,"HAI DANG ELECTRIC VEHICLES MOTORBIKE BUSINESS CO.,LTD",111050091,"Số 440 Phố Chùa Thông, Phường Sơn Lộc, Thị Xã Sơn Tây, Hà Nội",Đang hoạt động (đã được cấp GCN ĐKT),14/05/2025,,https://infodoanhnghiep.com/thong-tin/Cong-Ty-TNHH-Kinh-Doanh-Xe-May-Xe-Dien-Hai-Dang-50091.html
CÔNG TY TNHH ĐẦU TƯ J.M GLOBAL,"J.M GLOBAL INVESTMENT CO.,LTD",111050172,"Lô số 79, dãy G, TT4, Khu đô thị thành phố Giao Lưu, đường Phạm Văn Đồng, Phường Cổ Nhuế 1, Quận Bắc Từ Liêm, Hà Nội",Đang hoạt động (đã được cấp GCN ĐKT),14/05/2025,Dịch vụ hỗ trợ giáo dục,https://infodoanhnghiep.com/thong-tin/Cong-Ty-TNHH-Dau-Tu-Jm-Global-50172.html
CÔNG TY TNHH THƯƠNG MẠI VÀ DỊCH VỤ AVOCAGO VIỆT NAM,"AVOCAGO CO.,LTD",111050207,"Số 53, Lô TT1 Khu tái định cư tập trung Kiều Mai, Ngõ 1, Phố Kiều Mai, Phường Phúc Diễn, Quận Bắc Từ Liêm, Hà Nội",Đang hoạt động (đã được cấp GCN ĐKT),14/05/2025,Điều hành tua du lịch,https://infodoanhnghiep.com/thong-tin/Cong-Ty-TNHH-Thuong-Mai-Va-Dich-Vu-Avocago-Viet-Nam-50207.html
CÔNG TY TNHH THỜI TRANG THANH HÙNG GROUP,,111050101,"Số nhà 87, Ngõ 75 Phú Diễn, Phường Phú Diễn, Quận Bắc Từ Liêm, Hà Nội",Đang hoạt động (đã được cấp GCN ĐKT),14/05/2025,"Bán buôn vải, hàng may mặc, giày dép",https://infodoanhnghiep.com/thong-tin/Cong-Ty-TNHH-Thoi-Trang-Thanh-Hung-Group-50101.html
CÔNG TY TNHH PHẦN MỀM CODECRAFT,"CODECRAET SOFTWARE CO., LTD",111050084,"Số nhà 39, ngõ 34, đường Đông Thắng, TDP Đông Ngạc 6, Phường Đông Ngạc, Quận Bắc Từ Liêm, Hà Nội",Đang hoạt động (đã được cấp GCN ĐKT),14/05/2025,Xuất bản phần mềm,https://infodoanhnghiep.com/thong-tin/Cong-Ty-TNHH-Phan-Mem-Codecraft-50084.html
CÔNG TY TNHH CTL CONSULTING,,111050119,"Lô N04B, Tầng 3, Tòa N04-T1, Khu Ngoại Giao Đoàn, Đường Minh Tảo, Phường Xuân Tảo, Quận Bắc Từ Liêm, Hà Nội",Đang hoạt động (đã được cấp GCN ĐKT),14/05/2025,Dịch vụ hỗ trợ giáo dục,https://infodoanhnghiep.com/thong-tin/Cong-Ty-TNHH-Ctl-Consulting-50119.html
CÔNG TY CỔ PHẦN FLEXIBLE INNOVATION,"FLEXIBLE INNOVATION .,JSC",111048832,"Số 80 phố Yên Phụ, Phường Yên Phụ, Quận Tây Hồ, Hà Nội",Đang hoạt động (đã được cấp GCN ĐKT),14/05/2025,Quảng cáo,https://infodoanhnghiep.com/thong-tin/Cong-Ty-Co-Phan-Flexible-Innovation-48832.html
CÔNG TY TNHH FAST HOUSING DESIGN,"FAST HOUSING DESIGN CO.,LTD",111049875,"Xóm Đồng Xá, thôn Phương Bản, Xã Phụng Châu, Huyện Chương Mỹ, Hà Nội",Đang hoạt động (đã được cấp GCN ĐKT),14/05/2025,Hoạt động kiến trúc và tư vấn kỹ thuật có liên quan,https://infodoanhnghiep.com/thong-tin/Cong-Ty-TNHH-Fast-Housing-Design-49875.html
CÔNG TY CỔ PHẦN AN NINH TIÊN PHONG VIỆT NAM,TPSVN,111049850,"Lô C40, Khu đấu giá 3ha, Đường Phúc Minh, Phường Phúc Diễn, Quận Bắc Từ Liêm, Hà Nội",Đang hoạt động (đã được cấp GCN ĐKT),14/05/2025,Dịch vụ hệ thống bảo đảm an toàn,https://infodoanhnghiep.com/thong-tin/Cong-Ty-Co-Phan-An-Ninh-Tien-Phong-Viet-Nam-49850.html
CÔNG TY TRÁCH NHIỆM HỮU HẠN MTV THÀNH VIÊN AN NHẬT VƯỢNG,,111050510,"Số nhà 179 Đường 428 Thôn Phúc Lâm, Xã Phúc Tiến, Huyện Phú Xuyên, Hà Nội",Đang hoạt động (đã được cấp GCN ĐKT),14/05/2025,Vận tải hành khách đường bộ khác,https://infodoanhnghiep.com/thong-tin/Cong-Ty-Trach-Nhiem-Huu-Han-MTV-Thanh-Vien-An-Nhat-Vuong-50510.html
CÔNG TY TNHH THẾ GIỚI SỮA TỐT 86,GOOD MILK WORLD CO.LTD,111048818,"Lô 86 Khu đô thị Ngọc Hà, Xã Kim Hoa, Huyện Mê Linh, Hà Nội",Đang hoạt động (đã được cấp GCN ĐKT),14/05/2025,Bán buôn thực phẩm,https://infodoanhnghiep.com/thong-tin/Cong-Ty-TNHH-The-Gioi-Sua-Tot-86-48818.html
CÔNG TY TNHH XÂY DỰNG-THƯƠNG MẠI VÀ NHÂN LỰC TRUNG TÍN,"TRUNG TIN CONTRADHURETRADEPRO CO., LTD",111049882,"Xóm Chùa, Thôn Song Khê, Xã Tam Hưng, Huyện Thanh Oai, Hà Nội",Đang hoạt động (đã được cấp GCN ĐKT),14/05/2025,Cung ứng lao động tạm thời,https://infodoanhnghiep.com/thong-tin/Cong-Ty-TNHH-Xay-Dung-Thuong-Mai-Va-Nhan-Luc-Trung-Tin-49882.html
CÔNG TY TNHH DỊCH VỤ THƯƠNG MẠI XNK MINH ANH,,111049681,"Lô 1 LK6 Khu Đô Thị Tân Tây Đô, Xã Tân Lập, Huyện Đan Phượng, Hà Nội",Đang hoạt động (đã được cấp GCN ĐKT),14/05/2025,Vận tải hàng hóa bằng đường bộ,https://infodoanhnghiep.com/thong-tin/Cong-Ty-TNHH-Dich-Vu-Thuong-Mai-XNK-Minh-Anh-49681.html
CÔNG TY CỔ PHẦN HAMT GROUP,HAMT GROUP,111049603,"Số 144, Nguyễn Khuyến, Phường Văn Miếu- Quốc Tử Giám, Quận Đống đa, Hà Nội",Đang hoạt động (đã được cấp GCN ĐKT),14/05/2025,"Đại lý, môi giới, đấu giá hàng hóa",https://infodoanhnghiep.com/thong-tin/Cong-Ty-Co-Phan-Hamt-Group-49603.html
CÔNG TY CỔ PHẦN Y TẾ VÀ THIẾT BỊ THÍNH HỌC PHÚC GIA,"PHUC GIA MAE JSC,. CO",111049628,"Số 105 Đường Phương Mai, Phường Phương Mai, Quận Đống đa, Hà Nội",Đang hoạt động (đã được cấp GCN ĐKT),14/05/2025,"Hoạt động của các phòng khám đa khoa, chuyên khoa và nha khoa",https://infodoanhnghiep.com/thong-tin/Cong-Ty-Co-Phan-Y-Te-Va-Thiet-Bi-Thinh-Hoc-Phuc-Gia-49628.html
CÔNG TY TNHH MTV THƯƠNG MẠI & DỊCH VỤ AN PHÚ HD,,111050503,"254 đường Tam Trinh, Phường Yên Sở, Quận Hoàng Mai, Hà Nội",Đang hoạt động (đã được cấp GCN ĐKT),14/05/2025,Dịch vụ lưu trú ngắn ngày,https://infodoanhnghiep.com/thong-tin/Cong-Ty-TNHH-MTV-Thuong-Mai-Dich-Vu-An-Phu-HD-50503.html
CÔNG TY TNHH CÔNG NAM GROUP,"CONG NAM., LTD",111050493,"Ngõ 88/61/42 phố Giáp Nhị, Tổ 14, Phường Thịnh Liệt, Quận Hoàng Mai, Hà Nội",Đang hoạt động (đã được cấp GCN ĐKT),14/05/2025,Bán buôn đồ dùng khác cho gia đình,https://infodoanhnghiep.com/thong-tin/Cong-Ty-TNHH-Cong-Nam-Group-50493.html
CÔNG TY TNHH HÀNG VIỆT PHỐ,,111050486,"Số 30 ngõ 61 phố Định Công, Phường Thịnh Liệt, Quận Hoàng Mai, Hà Nội",Đang hoạt động (đã được cấp GCN ĐKT),14/05/2025,"Đại lý, môi giới, đấu giá hàng hóa",https://infodoanhnghiep.com/thong-tin/Cong-Ty-TNHH-Hang-Viet-Pho-50486.html
"CÔNG TY CỔ PHẦN TƯ VẤN, ĐẦU TƯ VÀ XUẤT NHẬP KHẨU TLK",,111049988,"19/B8 Đầm Trấu, Phường Bạch Đằng, Quận Hai Bà Trưng, Hà Nội",Đang hoạt động (đã được cấp GCN ĐKT),14/05/2025,"Hoạt động chuyên môn, khoa học và công nghệ khác chưa được phân vào đâu",https://infodoanhnghiep.com/thong-tin/Cong-Ty-Co-Phan-Tu-Van-Dau-Tu-Va-Xuat-Nhap-Khau-Tlk-49988.html
CÔNG TY CỔ PHẦN CONVINA,,111049593,"Số nhà 52, ngõ 342 đường Hồ Tùng Mậu, Phường Phú Diễn, Quận Bắc Từ Liêm, Hà Nội",Đang hoạt động (đã được cấp GCN ĐKT),14/05/2025,"Bán buôn vật liệu, thiết bị lắp đặt khác trong xây dựng",https://infodoanhnghiep.com/thong-tin/Cong-Ty-Co-Phan-Convina-49593.html
CÔNG TY TNHH DENTISY PESTRO,,111050366,"Thôn Yên Thị, Xã Tiến Thịnh, Huyện Mê Linh, Hà Nội",Đang hoạt động (đã được cấp GCN ĐKT),14/05/2025,Cổng thông tin,https://infodoanhnghiep.com/thong-tin/Cong-Ty-TNHH-Dentisy-Pestro-50366.html
CÔNG TY TNHH DVDT XKLD,,111049787,"Xóm Trung, Thôn Thanh Nhàn, Xã Thanh Xuân, Huyện Sóc Sơn, Hà Nội",Đang hoạt động (đã được cấp GCN ĐKT),14/05/2025,"Hoạt động của các trung tâm, đại lý tư vấn, giới thiệu và môi giới lao động, việc làm",https://infodoanhnghiep.com/thong-tin/Cong-Ty-TNHH-Dvdt-Xkld-49787.html
CÔNG TY CỔ PHẦN ĐẠI LỘ TRAVEL,DAI LO TRAVEL JSC,111048575,"Lô 4, TT1 Khu đô thị Mỹ Đình - Mễ Trì, đường Phạm Hùng, Tổ dân phố số 3, Phường Mỹ Đình 1, Quận Nam Từ Liêm, Hà Nội",Đang hoạt động (đã được cấp GCN ĐKT),13/05/2025,Điều hành tua du lịch,https://infodoanhnghiep.com/thong-tin/Cong-Ty-Co-Phan-Dai-Lo-Travel-48575.html
CÔNG TY CỔ PHẦN DỮ LIỆU VIỆT NAM,VIETNAM DATA JSC,111048568,"Tầng 2, A1-A3 Tòa nhà Ecoliíe Capitol, số 58 Tố Hữu, Phường Mễ Trì, Quận Nam Từ Liêm, Hà Nội",Đang hoạt động (đã được cấp GCN ĐKT),13/05/2025,"Xử lý dữ liệu, cho thuê và các hoạt động liên quan",https://infodoanhnghiep.com/thong-tin/Cong-Ty-Co-Phan-Du-Lieu-Viet-Nam-48568.html
CÔNG TY CỔ PHẦN TỔ CHỨC HIỆP HỘI KỶ LỤC THẾ GIỚI OWR,,111048550,"Tầng 3, Tòa Dophin Plaza, số 6 đường Nguyễn Hoàng, Phường Mỹ Đình 2, Quận Nam Từ Liêm, Hà Nội",Đang hoạt động (đã được cấp GCN ĐKT),13/05/2025,"Hoạt động sáng tác, nghệ thuật và giải trí",https://infodoanhnghiep.com/thong-tin/Cong-Ty-Co-Phan-To-Chuc-Hiep-Hoi-Ky-Luc-The-Gioi-Owr-48550.html
CÔNG TY CỔ PHẦN TỔ CHỨC NGHIÊN CỨU VÀ THẨM ĐỊNH NỘI DUNG KỶ LỤC THẾ GIỚI OWR,,111048543,"Tầng 3, Tòa Dophin Plaza, số 6 đường Nguyễn Hoàng, Phường Mỹ Đình 2, Quận Nam Từ Liêm, Hà Nội",Đang hoạt động (đã được cấp GCN ĐKT),13/05/2025,"Hoạt động sáng tác, nghệ thuật và giải trí",https://infodoanhnghiep.com/thong-tin/Cong-Ty-Co-Phan-To-Chuc-Nghien-Cuu-Va-Tham-Dinh-Noi-Dung-Ky-Luc-The-Gioi-Owr-48543.html
CÔNG TY TNHH ĐỊA ỐC TRẦN MINH,,111048494,"Tầng 6, V11-B09, Khu đô thị mới An Hưng, Phường La Khê, Quận Hà Đông, Hà Nội",Đang hoạt động (đã được cấp GCN ĐKT),13/05/2025,"Tư vấn, môi giới, đấu giá bất động sản, đấu giá quyền sử dụng đất",https://infodoanhnghiep.com/thong-tin/Cong-Ty-TNHH-Dia-Oc-Tran-Minh-48494.html
CÔNG TY CỔ PHẦN XÂY DỰNG KIẾN TRÚC KHÔNG GIAN XANH,KIÊN TRÚC KHÔNG GIAN XANH,111048790,"Xóm Đoàn Ket, Thôn Trung Hậu Đoài, Xã Tiền Phong, Huyện Mê Linh, Hà Nội",Đang hoạt động (đã được cấp GCN ĐKT),13/05/2025,Dịch vụ chăm sóc và duy trì cảnh quan,https://infodoanhnghiep.com/thong-tin/Cong-Ty-Co-Phan-Xay-Dung-Kien-Truc-Khong-Gian-Xanh-48790.html
CÔNG TY CỔ PHẦN ĐẦU TƯ GIÁO DỤC HD,"HD EDU., JSC",111048769,"Tầng ll,Tòa nhà The West, 265 cầu Giấy, Phường Dịch Vọng, Quận Cầu Giấy, Hà Nội",Đang hoạt động (đã được cấp GCN ĐKT),13/05/2025,Hoạt động tư vấn quản lý,https://infodoanhnghiep.com/thong-tin/Cong-Ty-Co-Phan-Dau-Tu-Giao-Duc-HD-48769.html
CÔNG TY CỔ PHẦN ĐẦU TƯ VÀ THƯƠNG MẠI DO GROUP,DO GROUP TRADING AND INVESTMENT JSC,111048776,"Số nhà 33Angõ 48 Phố Nguyễn Chánh, Phường Trung Hòa, Quận Cầu Giấy, Hà Nội",Đang hoạt động (đã được cấp GCN ĐKT),13/05/2025,Giáo dục khác chưa được phân vào đâu,https://infodoanhnghiep.com/thong-tin/Cong-Ty-Co-Phan-Dau-Tu-Va-Thuong-Mai-Do-Group-48776.html
CÔNG TY TNHH MTV ẨM THỰC BẾP VIỆT,,111048705,"Nhà số 12 ngõ 125 đường Sông Nhuệ, Thôn Ngọc Kiệu, Xã Tân Lập, Huyện Đan Phượng, Hà Nội",Đang hoạt động (đã được cấp GCN ĐKT),13/05/2025,Nhà hàng và các dịch vụ ăn uống phục vụ lưu động,https://infodoanhnghiep.com/thong-tin/Cong-Ty-TNHH-MTV-Am-Thuc-Bep-Viet-48705.html
CÔNG TY TNHH HỌC VIỆN BẢO BẢO,"BAO BAO ACADEMY CO., LTD",111048670,"Thôn Thái Phù, Xã Mai Đình, Huyện Sóc Sơn, Hà Nội",Đang hoạt động (đã được cấp GCN ĐKT),13/05/2025,Giáo dục thể thao và giải trí,https://infodoanhnghiep.com/thong-tin/Cong-Ty-TNHH-Hoc-Vien-Bao-Bao-48670.html
CÔNG TY CỔ PHẦN CÔNG NGHỆ SOLTECK,SOLTEK JSC,111048783,"Tầng 4, tòa nhà Sannam, số 78 phố Duy Tân, Phường Dịch Vọng Hậu, Quận Cầu Giấy, Hà Nội",Đang hoạt động (đã được cấp GCN ĐKT),13/05/2025,Xuất bản phần mềm,https://infodoanhnghiep.com/thong-tin/Cong-Ty-Co-Phan-Cong-Nghe-Solteck-48783.html
CÔNG TY TNHH ĐỒNG HÀNH DU HỌC,"ED. JOURNEY CO., LTD.",111048487,"Số nhà 21, Dãy I, Ngõ 6, Phố Bế Văn Đàn, Phường Quang Trung, Quận Hà Đông, Hà Nội",Đang hoạt động (đã được cấp GCN ĐKT),13/05/2025,Dịch vụ hỗ trợ giáo dục,https://infodoanhnghiep.com/thong-tin/Cong-Ty-TNHH-Dong-Hanh-Du-Hoc-48487.html
CÔNG TY TNHH XUẤT NHẬP KHẨU VÀ THƯƠNG MẠI A2Z GLOBAL,A2Z GLOBAL,111048952,"Số 98 Xóm Trung Thanh, Thôn Hữu Từ , Xã Hữu Hoà, Huyện Thanh Trì, Hà Nội",Đang hoạt động (đã được cấp GCN ĐKT),13/05/2025,Hoạt động dịch vụ hỗ trợ khác liên quan đến vận tải,https://infodoanhnghiep.com/thong-tin/Cong-Ty-TNHH-Xuat-Nhap-Khau-Va-Thuong-Mai-A2Z-Global-48952.html
CÔNG TY TNHH MEDICINE HẢI HÀ,MEDICINE HAI HA,111048977,"Số 62, Ngõ 6, Thôn Hữu Lê, Xã Hữu Hoà, Huyện Thanh Trì, Hà Nội",Đang hoạt động (đã được cấp GCN ĐKT),13/05/2025,Bán buôn đồ dùng khác cho gia đình,https://infodoanhnghiep.com/thong-tin/Cong-Ty-TNHH-Medicine-Hai-Ha-48977.html
CÔNG TY CỔ PHẦN ĐẦU TƯ CÔNG NGHỆ IDF,"IDF TECHNOLOGY., JSC",111048945,"492 Đường Ngọc Hồi, Thị Trấn Văn Điển, Huyện Thanh Trì, Hà Nội",Đang hoạt động (đã được cấp GCN ĐKT),13/05/2025,Hoạt động dịch vụ công nghệ thông tin và dịch vụ khác liên quan đến máy vi tính,https://infodoanhnghiep.com/thong-tin/Cong-Ty-Co-Phan-Dau-Tu-Cong-Nghe-Idf-48945.html
CÔNG TY TNHH ĐẦU TƯ VÀ XÂY DỰNG ĐẠI THANH 365,,111049025,"Đội 4, Thôn Tả Thanh Oai, Xã Tả Thanh Oai, Huyện Thanh Trì, Hà Nội",Đang hoạt động (đã được cấp GCN ĐKT),13/05/2025,"Bán buôn vật liệu, thiết bị lắp đặt khác trong xây dựng",https://infodoanhnghiep.com/thong-tin/Cong-Ty-TNHH-Dau-Tu-Va-Xay-Dung-Dai-Thanh-365-49025.html
CÔNG TY CỔ PHẦN THƯƠNG MẠI VÀ DỊCH VỤ XÂY DỰNG TAVICO,TAVICO BUILD,111049000,"LÔ19 Xóm Mới, Thôn Cương Ngô, Xã Tứ Hiệp, Huyện Thanh Trì, Hà Nội",Đang hoạt động (đã được cấp GCN ĐKT),13/05/2025,Xây dựng nhà để ở,https://infodoanhnghiep.com/thong-tin/Cong-Ty-Co-Phan-Thuong-Mai-Va-Dich-Vu-Xay-Dung-Tavico-49000.html
CÔNG TY TNHH TƯ VẤN VÀ XÂY DỰNG PCCC,"PCCC CONSTRUCTION AND CONSULTING CO.,LTD",111049018,"Số nhà 32 ngõ 179, phố Triều Khúc, thôn Triều Khúc, Xã Tân Triều, Huyện Thanh Trì, Hà Nội",Đang hoạt động (đã được cấp GCN ĐKT),13/05/2025,"Bán buôn máy móc, thiết bị và phụ tùng máy khác",https://infodoanhnghiep.com/thong-tin/Cong-Ty-TNHH-Tu-Van-Va-Xay-Dung-PCCC-49018.html
CÔNG TY TNHH THƯƠNG MẠI VÀ ĐẦU TƯ MINACO GROUP,,111048984,"Số 7b Ngách 4, Ngõ 30, Xã Tả Thanh Oai, Huyện Thanh Trì, Hà Nội",Đang hoạt động (đã được cấp GCN ĐKT),13/05/2025,"Bán buôn vải, hàng may mặc, giày dép",https://infodoanhnghiep.com/thong-tin/Cong-Ty-TNHH-Thuong-Mai-Va-Dau-Tu-Minaco-Group-48984.html
CÔNG TY CỔ PHẦN POLY BAG IN VIỆT HÀN,,111049032,"SỐ17, ngách 56/1 Phố Ngô Sỹ Liên , Phường Văn Miếu- Quốc Tử Giám, Quận Đống đa, Hà Nội",Đang hoạt động (đã được cấp GCN ĐKT),13/05/2025,Sản xuất sản phẩm từ plastic,https://infodoanhnghiep.com/thong-tin/Cong-Ty-Co-Phan-Poly-Bag-In-Viet-Han-49032.html
CÔNG TY CỔ PHẦN ĐẦU TƯ H2T GROUP,H2T GROUP JSC,111049057,"Nhà số 02 Ngõ 141HỒ Đắc Di, Phường Nam Đồng, Quận Đống đa, Hà Nội",Đang hoạt động (đã được cấp GCN ĐKT),13/05/2025,Hoạt động kiến trúc và tư vấn kỹ thuật có liên quan,https://infodoanhnghiep.com/thong-tin/Cong-Ty-Co-Phan-Dau-Tu-H2T-Group-49057.html
CÔNG TY TNHH ĐẦU TƯ PTTM TDL,,111048254,"Số 240 Nguyễn Xiển, Phường Hạ Đình, Quận Thanh Xuân, Hà Nội",Đang hoạt động (đã được cấp GCN ĐKT),13/05/2025,Hoạt động hỗ trợ dịch vụ tài chính chưa được phân vào đâu,https://infodoanhnghiep.com/thong-tin/Cong-Ty-TNHH-Dau-Tu-Pttm-Tdl-48254.html
CÔNG TY TNHH GOLF HEART,"GOLF HEART CO., LTD",111048857,"Nhà E4 dãy E Dự án Khu nhà Ở181 Nguyễn Lương Bằng, Phường Quang Trung, Quận Đống đa, Hà Nội",Đang hoạt động (đã được cấp GCN ĐKT),13/05/2025,"Bán lẻ thiết bị, dụng cụ thể dục, thể thao trong các cửa hàng chuyên doanh",https://infodoanhnghiep.com/thong-tin/Cong-Ty-TNHH-Golf-Heart-48857.html
CÔNG TY TNHH BẢO LONG BĐS,"BAO LONG BDS CO., LTD",111048215,"Lô 06 TT2D Khu đô thị Resco, Ngõ 521, Đường cổ Nhuế, Phường cổ Nhuế 2, Quận Bắc Từ Liêm, Hà Nội",Đang hoạt động (đã được cấp GCN ĐKT),13/05/2025,Dịch vụ lưu trú ngắn ngày,https://infodoanhnghiep.com/thong-tin/Cong-Ty-TNHH-Bao-Long-BDS-48215.html
CÔNG TY TNHH THƯƠNG MẠI DỊCH VỤ BOSSUP VN,,111048222,"Tầng 2 lô số 06 tòa A7 chung cư An Bình city, số 234 đường Phạm Văn Đồng, Phường Cổ Nhuế 1, Quận Bắc Từ Liêm, Hà Nội",Đang hoạt động (đã được cấp GCN ĐKT),13/05/2025,"Sản xuất thức ăn gia súc, gia cầm và thuỷ sản",https://infodoanhnghiep.com/thong-tin/Cong-Ty-TNHH-Thuong-Mai-Dich-Vu-Bossup-VN-48222.html
CÔNG TY TNHH THƯƠNG MẠI DƯỢC PHẨM THÀNH VY,"THANH VY PHARMACY TRADING ., LTD",111048247,"Ôsốoi, Khu tập thể Công an Thành phố, tổ dân phố Hoàng 4, Phường cổ Nhuế 1, Quận Bắc Từ Liêm, Hà Nội",Đang hoạt động (đã được cấp GCN ĐKT),13/05/2025,Bán buôn đồ dùng khác cho gia đình,https://infodoanhnghiep.com/thong-tin/Cong-Ty-TNHH-Thuong-Mai-Duoc-Pham-Thanh-Vy-48247.html
CÔNG TY TNHH KHOA HỌC KỸ THUẬT MÔI TRƯỜNG JIU PEI (HÀ NỘI),,111048261,"Số 27 ngõ 123 Thụy Phương, Phường Đông Ngạc, Quận Bắc Từ Liêm, Hà Nội",Đang hoạt động (đã được cấp GCN ĐKT),13/05/2025,Xử lý và tiêu huỷ rác thải độc hại,https://infodoanhnghiep.com/thong-tin/Cong-Ty-TNHH-Khoa-Hoc-Ky-Thuat-Moi-Truong-Jiu-Pei-Ha-Noi-48261.html
CÔNG TY TNHH NOVAWAY,"NOVAWAY CO., LTD",111048279,"Số 36 Ngách 23 Ngõ 304 Đường Hồ Tùng Mậu, Phường Phú Diễn, Quận Bắc Từ Liêm, Hà Nội",Đang hoạt động (đã được cấp GCN ĐKT),13/05/2025,Lập trình máy vi tính,https://infodoanhnghiep.com/thong-tin/Cong-Ty-TNHH-Novaway-48279.html
CÔNG TY TNHH HAKA ĐỨC - VIỆT NAM,"HAKA DUC - VIETNAM CO., LTD",111048286,"Số Nhà 1 Ngõ 2 Phố Văn Hội, Phường Đức Thắng, Quận Bắc Từ Liêm, Hà Nội",Đang hoạt động (đã được cấp GCN ĐKT),13/05/2025,Sản xuất thực phẩm khác chưa được phân vào đâu,https://infodoanhnghiep.com/thong-tin/Cong-Ty-TNHH-Haka-Duc-Viet-Nam-48286.html
CÔNG TY CỔ PHẦN DỊCH VỤ THƯƠNG MẠI VÀ ĐẦU TƯ XÂY DỰNG TÀI LỘC,"TAI LOC CONINVANTRSER., JSC",111048825,"Số nhà 78, Xóm cầu Lão, Thôn Hạ, Xã Liên Trung, Huyện Đan Phượng, Hà Nội",Đang hoạt động (đã được cấp GCN ĐKT),13/05/2025,Sản xuất các cấu kiện kim loại,https://infodoanhnghiep.com/thong-tin/Cong-Ty-Co-Phan-Dich-Vu-Thuong-Mai-Va-Dau-Tu-Xay-Dung-Tai-Loc-48825.html
CÔNG TY TNHH KIẾN TRÚC VÀ NỘI THẤT MY DREAM HOUSE,DM HOUSE,111047797,"01.LK2, Khu nhà ở cho CBCS Tổng cục 5 Bô Công an, Xã Tân Triều, Huyện Thanh Trì, Hà Nội",Đang hoạt động (đã được cấp GCN ĐKT),10/5/2025,Hoạt động thiết kế chuyên dụng,https://infodoanhnghiep.com/thong-tin/Cong-Ty-TNHH-Kien-Truc-Va-Noi-That-My-Dream-House-47797.html
CÔNG TY CỔ PHẦN ĐẦU TƯ HORIZON LAND,"HORIZON LAND INVESTMENT .,JSC",111048127,"Căn số 13-TT4, Khu nhà ở Đài phát sóng phát thanh Mễ Trì, Đường Lương Thế Vinh, Phường Mễ Trì, Quận Nam Từ Liêm, Hà Nội",Đang hoạt động (đã được cấp GCN ĐKT),10/5/2025,"Kinh doanh bất động sản, quyền sử dụng đất thuộc chủ sở hữu, chủ sử dụng hoặc đi thuê",https://infodoanhnghiep.com/thong-tin/Cong-Ty-Co-Phan-Dau-Tu-Horizon-Land-48127.html
CÔNG TY TNHH 873 LITTLE TOWER,873 LITTLE TOWER,111047074,"Số 346 đường Nguyễn Trãi, Phường Trung Văn, Quận Nam Từ Liêm, Hà Nội",Đang hoạt động (đã được cấp GCN ĐKT),10/5/2025,Xây dựng công trình kỹ thuật dân dụng khác,https://infodoanhnghiep.com/thong-tin/Cong-Ty-TNHH-873-Little-Tower-47074.html
CÔNG TY TNHH HUHA,,111047973,"Số nhà 149TỔ23, Thị Trấn Đông Anh, Huyện Đông Anh, Hà Nội",Đang hoạt động (đã được cấp GCN ĐKT),10/5/2025,Bán lẻ  khác trong các cửa hàng kinh doanh tổng hợp,https://infodoanhnghiep.com/thong-tin/Cong-Ty-TNHH-Huha-47973.html
CÔNG TY TNHH VYPHYTO,"VYPHYTO CO., LTD",111047966,"số nhà 30 ngõ 1, phố Phạm Tuấn Tài, Phường Nghĩa Tân, Quận Cầu Giấy, Hà Nội",Đang hoạt động (đã được cấp GCN ĐKT),10/5/2025,Bán buôn thực phẩm,https://infodoanhnghiep.com/thong-tin/Cong-Ty-TNHH-Vyphyto-47966.html
CÔNG TY TNHH VM MEDIA VIỆT NAM,,111047148,"Tầng 4, Số 132 phố Trung Hòa, Phường Trung Hòa, Quận Cầu Giấy, Hà Nội",Đang hoạt động (đã được cấp GCN ĐKT),10/5/2025,Hoạt động tư vấn quản lý,https://infodoanhnghiep.com/thong-tin/Cong-Ty-TNHH-Vm-Media-Viet-Nam-47148.html
CÔNG TY TNHH THƯƠNG MẠI DỊCH VỤ GLOBAL BEST,"GLOBAL BEST TRADING SERVICES CO.,LTD",111047162,"Số 2 phố Đỗ Quang, Phường Trung Hòa, Quận Cầu Giấy, Hà Nội",Đang hoạt động (đã được cấp GCN ĐKT),10/5/2025,"Bán buôn nông, lâm sản nguyên liệu (trừ gỗ, tre, nứa) và động vật sống",https://infodoanhnghiep.com/thong-tin/Cong-Ty-TNHH-Thuong-Mai-Dich-Vu-Global-Best-47162.html
CÔNG TY TNHH CÔNG NGHỆ QIANCHENG VIỆT NAM,QIANCHENG VIETNAM,111047116,"Tầng 7, Tòa nhà Khởi Việt Media, Lô A6/D21 Khu đô thị mới cầu Giấy, Ngõ 11 Duy Tân, Phường Dịch Vọng Hậu, Quận Cầu Giấy, Hà Nội",Đang hoạt động (đã được cấp GCN ĐKT),10/5/2025,Bán lẻ theo yêu cầu đặt hàng qua bưu điện hoặc internet,https://infodoanhnghiep.com/thong-tin/Cong-Ty-TNHH-Cong-Nghe-Qiancheng-Viet-Nam-47116.html
CÔNG TY TNHH MH SMART TECH,"MH SMART TECH CO., LTD.",111047187,"Số 30, Ngách 90/3 đường Hoa Bằng, Phường Yên Hoà, Quận Cầu Giấy, Hà Nội",Đang hoạt động (đã được cấp GCN ĐKT),10/5/2025,"Bán buôn thiết bị và linh kiện điện tử, viễn thông",https://infodoanhnghiep.com/thong-tin/Cong-Ty-TNHH-Mh-Smart-Tech-47187.html
CÔNG TY TNHH QUẢN LÝ NHÂN LỰC GIA MINH,,111047155,"Số 57, ngõ 167 đường Dương Quảng Hàm, Phường Quan Hoa, Quận Cầu Giấy, Hà Nội",Đang hoạt động (đã được cấp GCN ĐKT),10/5/2025,Hoạt động tư vấn quản lý,https://infodoanhnghiep.com/thong-tin/Cong-Ty-TNHH-Quan-Ly-Nhan-Luc-Gia-Minh-47155.html
CÔNG TY TNHH SẢN XUẤT QUÀ TẶNG TINH HOA,,111047130,"Số nhà 7a ngõ 117 Trần Cung, Phường Nghĩa Tân, Quận Cầu Giấy, Hà Nội",Đang hoạt động (đã được cấp GCN ĐKT),10/5/2025,Bán buôn đồ dùng khác cho gia đình,https://infodoanhnghiep.com/thong-tin/Cong-Ty-TNHH-San-Xuat-Qua-Tang-Tinh-Hoa-47130.html
CÔNG TY TNHH QUANOVA,"QUANOVA CO.,LTD",111047123,"Số 59, đường 800A, Phường Nghĩa Đô, Quận Cầu Giấy, Hà Nội",Đang hoạt động (đã được cấp GCN ĐKT),10/5/2025,"Hoạt động chuyên môn, khoa học và công nghệ khác chưa được phân vào đâu",https://infodoanhnghiep.com/thong-tin/Cong-Ty-TNHH-Quanova-47123.html
CÔNG TY TNHH XUẤT NHẬP KHẨU THIẾT BỊ NHA KHOA MINH ĐỨC,,111047846,"Số 20 Ngách 164 Ngõ 192 Lê Trọng Tấn, Phường Định Công, Quận Hoàng Mai, Hà Nội",Đang hoạt động (đã được cấp GCN ĐKT),10/5/2025,"Bán buôn máy móc, thiết bị và phụ tùng máy khác",https://infodoanhnghiep.com/thong-tin/Cong-Ty-TNHH-Xuat-Nhap-Khau-Thiet-Bi-Nha-Khoa-Minh-Duc-47846.html
CÔNG TY CỔ PHẦN ĐẦU TƯ XÂY DỰNG ĐỊA ỐC PT,"PT REAL ESTATE CONSTRUCTIONINVESTMENT .,JSC",111047814,"Tầng 3, Tòa IP3 - Imperial Plaza, số 360 Đường Giải Phóng, Phường Phương Liệt, Quận Thanh Xuân, Hà Nội",Đang hoạt động (đã được cấp GCN ĐKT),10/5/2025,"Kinh doanh bất động sản, quyền sử dụng đất thuộc chủ sở hữu, chủ sử dụng hoặc đi thuê",https://infodoanhnghiep.com/thong-tin/Cong-Ty-Co-Phan-Dau-Tu-Xay-Dung-Dia-Oc-Pt-47814.html
CÔNG TY TNHH PHỤC CHẾ ĐỒ DA VÀ NỘI THẤT CAO CẤP PSA,,111047691,"Số 20B khu 3, Xã Phú Minh, Huyện Sóc Sơn, Hà Nội",Đang hoạt động (đã được cấp GCN ĐKT),10/5/2025,"Bảo dưỡng, sửa chữa ô tô và xe có động cơ khác",https://infodoanhnghiep.com/thong-tin/Cong-Ty-TNHH-Phuc-Che-Do-Da-Va-Noi-That-Cao-Cap-Psa-47691.html
CÔNG TY CỔ PHẦN TẬP ĐOÀN XÂY DỰNG BĐS BẮC ĐÔ,"BAC DO BDS CONSTRUCTION GROUP .,JSC",111047807,"Tầng 3, Tòa IP3 - Imperial Plaza, số 360 Đường Giải Phóng, Phường Phương Liệt, Quận Thanh Xuân, Hà Nội",Đang hoạt động (đã được cấp GCN ĐKT),10/5/2025,"Kinh doanh bất động sản, quyền sử dụng đất thuộc chủ sở hữu, chủ sử dụng hoặc đi thuê",https://infodoanhnghiep.com/thong-tin/Cong-Ty-Co-Phan-Tap-Doan-Xay-Dung-BDS-Bac-Do-47807.html
CÔNG TY CỔ PHẦN LUMILAB VIỆT NAM,"LUMILAB VIET NAM., JSC",111046803,"Số 64 phố Vọng, Phường Phương Mai, Quận Đống đa, Hà Nội",Đang hoạt động (đã được cấp GCN ĐKT),10/5/2025,Quảng cáo,https://infodoanhnghiep.com/thong-tin/Cong-Ty-Co-Phan-Lumilab-Viet-Nam-46803.html
CÔNG TY CỔ PHẦN AN TUỆ ĐỨC,,111046793,"Tầng 7,Tòa nhà NHS Center, Số214 Hào Nam, Phường Cát Linh, Quận Đống đa, Hà Nội",Đang hoạt động (đã được cấp GCN ĐKT),10/5/2025,"Dịch vụ tắm hơi, massage và các dịch vụ tăng cường sức khoẻ tương tự (trừ hoạt động thể thao)",https://infodoanhnghiep.com/thong-tin/Cong-Ty-Co-Phan-An-Tue-Duc-46793.html
CÔNG TY TNHH XUẤT NHẬP KHẨU TLC,,111046874,"Số 92 ngõ 6 Đường Vĩnh phúc, Phường Vĩnh Phúc, Quận Ba Đình, Hà Nội",Đang hoạt động (đã được cấp GCN ĐKT),9/5/2025,Hoạt động dịch vụ hỗ trợ kinh doanh khác còn lại chưa được phân vào đâu,https://infodoanhnghiep.com/thong-tin/Cong-Ty-TNHH-Xuat-Nhap-Khau-Tlc-46874.html
CÔNG TY TNHH THƯƠNG MẠI ĐẦU TƯ TÍN PHÁT 81,"TIN PHAT 81 CO., LTD",111046433,"Số 10A, ngõ 145/5 đường Phúc Lợi, Phường Phúc Lợi, Quận Long Biên, Hà Nội",Đang hoạt động (đã được cấp GCN ĐKT),9/5/2025,Bán buôn thực phẩm,https://infodoanhnghiep.com/thong-tin/Cong-Ty-TNHH-Thuong-Mai-Dau-Tu-Tin-Phat-81-46433.html
CÔNG TY TNHH XÂY DỰNG NHÀ ĐẸP TRẦN KIÊN,"TRAN KIEN NICE HOUSE CONSTRUCTION CO.,LTD",111046088,"5/153 Triều Khúc, Xã Tân Triều, Huyện Thanh Trì, Hà Nội",Đang hoạt động (đã được cấp GCN ĐKT),9/5/2025,Xây dựng nhà để ở,https://infodoanhnghiep.com/thong-tin/Cong-Ty-TNHH-Xay-Dung-Nha-Dep-Tran-Kien-46088.html
CÔNG TY TNHH Ô TÔ CHUYÊN DÙNG MIỀN BẮC,"NORTHERN SPECIAL AUTOMOBILE CO., LTD",111046440,"Số nhà 23 ngách 95/94 Phố Vũ Xuân Thiều, Phường Phúc Lợi, Quận Long Biên, Hà Nội",Đang hoạt động (đã được cấp GCN ĐKT),9/5/2025,Bán buôn ô tô và xe có động cơ khác,https://infodoanhnghiep.com/thong-tin/Cong-Ty-TNHH-O-To-Chuyen-Dung-Mien-Bac-46440.html
CÔNG TY TNHH VIỆT NAM AGRO HITECH,,111046306,"Số 17, ngõ 71, phố Đỗ Quang, Phường Trung Hòa, Quận Cầu Giấy, Hà Nội",Đang hoạt động (đã được cấp GCN ĐKT),9/5/2025,Bán buôn chuyên doanh khác chưa được phân vào đâu,https://infodoanhnghiep.com/thong-tin/Cong-Ty-TNHH-Viet-Nam-Agro-Hitech-46306.html
CÔNG TY TNHH THƯƠNG MẠI DU LỊCH VÀ DỊCH VỤ TRANG ANH,TRANG ANH SETRACO,111046320,"Số 05 - Lô N07A, Khu đô thị mới Dịch Vọng, Phố Thành Thái, Phường Dịch Vọng, Quận Cầu Giấy, Hà Nội",Đang hoạt động (đã được cấp GCN ĐKT),9/5/2025,Sản xuất thực phẩm khác chưa được phân vào đâu,https://infodoanhnghiep.com/thong-tin/Cong-Ty-TNHH-Thuong-Mai-Du-Lich-Va-Dich-Vu-Trang-Anh-46320.html
CÔNG TY TNHH QUẢN LÝ TÀI SẢN PT,"PT AM CO., LTD",111046401,"số 68 Nguyễn Vĩnh Bảo, Phường Trung Hòa, Quận Cầu Giấy, Hà Nội",Đang hoạt động (đã được cấp GCN ĐKT),9/5/2025,"Kinh doanh bất động sản, quyền sử dụng đất thuộc chủ sở hữu, chủ sử dụng hoặc đi thuê",https://infodoanhnghiep.com/thong-tin/Cong-Ty-TNHH-Quan-Ly-Tai-San-Pt-46401.html
CÔNG TY TNHH ĐẦU TƯ XÂY DỰNG VÀ PHÁT TRIỂN THƯƠNG MẠI TÙNG LINH,"TUNG LINH CONSINVEST CO., LTD",111045750,"Tầng 18, Tòa nhà CEO, Đường Phạm Hùng, Phường Mễ Trì, Quận Nam Từ Liêm, Hà Nội",Đang hoạt động (đã được cấp GCN ĐKT),9/5/2025,"Kinh doanh bất động sản, quyền sử dụng đất thuộc chủ sở hữu, chủ sử dụng hoặc đi thuê",https://infodoanhnghiep.com/thong-tin/Cong-Ty-TNHH-Dau-Tu-Xay-Dung-Va-Phat-Trien-Thuong-Mai-Tung-Linh-45750.html
CÔNG TY TNHH ĐẦU TƯ VÀ PHÁT TRIỂN HUYỀN AN LAND,"HUYEN AN LAND INVEST CO., LTD",111045729,"Tầng 2, Tòa nhà Detech Tower, số 8 Tôn Thất Thuyết, Phường Mỹ Đình 2, Quận Nam Từ Liêm, Hà Nội",Đang hoạt động (đã được cấp GCN ĐKT),9/5/2025,"Kinh doanh bất động sản, quyền sử dụng đất thuộc chủ sở hữu, chủ sử dụng hoặc đi thuê",https://infodoanhnghiep.com/thong-tin/Cong-Ty-TNHH-Dau-Tu-Va-Phat-Trien-Huyen-An-Land-45729.html
CÔNG TY TNHH SẢN XUẤT VÀ THƯƠNG MẠI QUÂN PHÁT DECOR,"QUAN PHAT DECOR CO., LTD",111044891,"SỐ18 ngõ 27 Thành Đàm, Phường Thanh Trì, Quận Hoàng Mai, Hà Nội",Đang hoạt động (đã được cấp GCN ĐKT),8/5/2025,"Sản xuất gỗ dán, gỗ lạng, ván ép và ván mỏng khác",https://infodoanhnghiep.com/thong-tin/Cong-Ty-TNHH-San-Xuat-Va-Thuong-Mai-Quan-Phat-Decor-44891.html
CÔNG TY TNHH TƯ VẤN DU HỌC SUNGO VIỆT NAM,"SUNGO EDU CO., LTD",111045581,"Số 46A thôn Lê Dương, Xã Tam Hưng, Huyện Thanh Oai, Hà Nội",Đang hoạt động (đã được cấp GCN ĐKT),8/5/2025,Giáo dục khác chưa được phân vào đâu,https://infodoanhnghiep.com/thong-tin/Cong-Ty-TNHH-Tu-Van-Du-Hoc-Sungo-Viet-Nam-45581.html
CÔNG TY TNHH ĐẦU TƯ XÂY DỰNG ETERNAL ENERGY VIỆT NAM,CT TNHH ĐT XD ETERNAL ENERGY VN,111045623,"Số 3 ngách 256 ngõ 141 phố Giáp Nhị, Phường Thịnh Liệt, Quận Hoàng Mai, Hà Nội",Đang hoạt động (đã được cấp GCN ĐKT),8/5/2025,Lắp đặt hệ thống điện,https://infodoanhnghiep.com/thong-tin/Cong-Ty-TNHH-Dau-Tu-Xay-Dung-Eternal-Energy-Viet-Nam-45623.html
CÔNG TY CỔ PHẦN CÔNG NGHỆ GIÁO DỤC AI VIỆT NAM,,111044884,"Số 9 Central - SunRise c, Khu đô thị The Manor Central Park, đường Nguyễn Xiển, Phường Đại Kim, Quận Hoàng Mai, Hà Nội",Đang hoạt động (đã được cấp GCN ĐKT),8/5/2025,"Hoạt động chuyên môn, khoa học và công nghệ khác chưa được phân vào đâu",https://infodoanhnghiep.com/thong-tin/Cong-Ty-Co-Phan-Cong-Nghe-Giao-Duc-Ai-Viet-Nam-44884.html
CÔNG TY CỔ PHẦN ĐẦU TƯ XÂY DỰNG AGC,,111044877,"483 đường Âu Cơ, Phường Nhật Tân, Quận Tây Hồ, Hà Nội",Đang hoạt động (đã được cấp GCN ĐKT),8/5/2025,Hoạt động tư vấn quản lý,https://infodoanhnghiep.com/thong-tin/Cong-Ty-Co-Phan-Dau-Tu-Xay-Dung-Agc-44877.html
CÔNG TY TNHH BLUE SKY PROPERTY LEASING (VN),,111044852,"Số 1 ngõ 374Âu Cơ, Phường Nhật Tân, Quận Tây Hồ, Hà Nội",Đang hoạt động (đã được cấp GCN ĐKT),8/5/2025,"Kinh doanh bất động sản, quyền sử dụng đất thuộc chủ sở hữu, chủ sử dụng hoặc đi thuê",https://infodoanhnghiep.com/thong-tin/Cong-Ty-TNHH-Blue-Sky-Property-Leasing-Vn-44852.html
CÔNG TY CỔ PHẦN Y TẾ NGUYÊN VŨ,,111045197,"Số 9 Hẻm 143/79/22 Phố Nguyễn Chính, TỔ31, Phường Thịnh Liệt, Quận Hoàng Mai, Hà Nội",Đang hoạt động (đã được cấp GCN ĐKT),8/5/2025,Bán buôn đồ dùng khác cho gia đình,https://infodoanhnghiep.com/thong-tin/Cong-Ty-Co-Phan-Y-Te-Nguyen-Vu-45197.html
CÔNG TY TNHH TRUYỀN THÔNG ABCD,,111044926,"Số 268 đường Nghi Tàm, Phường Yên Phụ, Quận Tây Hồ, Hà Nội",Đang hoạt động (đã được cấp GCN ĐKT),8/5/2025,Hoạt động nhiếp ảnh,https://infodoanhnghiep.com/thong-tin/Cong-Ty-TNHH-Truyen-Thong-Abcd-44926.html
CÔNG TY CỔ PHẦN KIẾN TRÚC VÀ NỘI THẤT HT-HOME VIỆT NAM,,111044933,"Số 26 Ngõ 151 Nguyễn Đức Cảnh, Phường Tương Mai, Quận Hoàng Mai, Hà Nội",Đang hoạt động (đã được cấp GCN ĐKT),8/5/2025,Hoạt động kiến trúc và tư vấn kỹ thuật có liên quan,https://infodoanhnghiep.com/thong-tin/Cong-Ty-Co-Phan-Kien-Truc-Va-Noi-That-Ht-Home-Viet-Nam-44933.html
CÔNG TY TNHH SẢN XUẤT VÀ KINH DOANH K.N.T VIỆT NAM,,111045077,"Ô số 51-52, Lô Dll-NV9-Khu D, Khu đô thị hai bên đường Lê Trọng Tấn, Xã La Phù, Huyện Hoài Đức, Hà Nội",Đang hoạt động (đã được cấp GCN ĐKT),8/5/2025,"Đại lý, môi giới, đấu giá hàng hóa",https://infodoanhnghiep.com/thong-tin/Cong-Ty-TNHH-San-Xuat-Va-Kinh-Doanh-Knt-Viet-Nam-45077.html
CÔNG TY TNHH TƯ VẤN THUẾ SOULWORKS VIỆT NAM,"SWTA CO., LTD",111044475,"Số 1A-B1, Khu B, Tập Thể Đại Học Mỏ Địa Chất, Tổ dân phố 4, Phường cổ Nhuế 2, Quận Bắc Từ Liêm, Hà Nội",Đang hoạt động (đã được cấp GCN ĐKT),8/5/2025,"Hoạt động liên quan đến kế toán, kiểm toán và tư vấn về thuế",https://infodoanhnghiep.com/thong-tin/Cong-Ty-TNHH-Tu-Van-Thue-Soulworks-Viet-Nam-44475.html
CÔNG TY TNHH THƯƠNG MẠI XUẤT NHẬP KHẨU DƯƠNG LÂM,,111044482,"Số nhà 3, ngách 93, ngõ 68, Đường Phú Diễn, Phường Phú Diễn, Quận Bắc Từ Liêm, Hà Nội",Đang hoạt động (đã được cấp GCN ĐKT),8/5/2025,"Bán buôn nhiên liệu rắn, lỏng, khí và các sản phẩm liên quan",https://infodoanhnghiep.com/thong-tin/Cong-Ty-TNHH-Thuong-Mai-Xuat-Nhap-Khau-Duong-Lam-44482.html
CÔNG TY TNHH THƯƠNG MẠI VÀ DỊCH VỤ GIA ANH HÀ NỘI,,111042929,"Số 34 Ngõ 212 Đường Phú Mỹ, Phường Mỹ Đình 2, Quận Nam Từ Liêm, Hà Nội",Đang hoạt động (đã được cấp GCN ĐKT),8/5/2025,Hoạt động của các cơ sở thể thao,https://infodoanhnghiep.com/thong-tin/Cong-Ty-TNHH-Thuong-Mai-Va-Dich-Vu-Gia-Anh-Ha-Noi-42929.html
CÔNG TY TNHH MD LUXURY,,111044468,"Tầng 4, tòa B, Lô HH2-1, Dự án Công viên giải trí, trường học và tổ hợp nhà ở thương mại, dịch vụ Golden Palace A, đường Lê Quang Đạo, Phường Mễ Trì, Quận Nam Từ Liêm, Hà Nội",Đang hoạt động (đã được cấp GCN ĐKT),8/5/2025,"Bán buôn vải, hàng may mặc, giày dép",https://infodoanhnghiep.com/thong-tin/Cong-Ty-TNHH-Md-Luxury-44468.html
CÔNG TY CỔ PHẦN THƯƠNG MẠI THỊNH PHÁT EDU,,111044404,"Số 2, Ngõ 19TỐ Hữu, Phường Trung Văn, Quận Nam Từ Liêm, Hà Nội",Đang hoạt động (đã được cấp GCN ĐKT),7/5/2025,Dịch vụ hỗ trợ giáo dục,https://infodoanhnghiep.com/thong-tin/Cong-Ty-Co-Phan-Thuong-Mai-Thinh-Phat-Edu-44404.html
CÔNG TY TNHH VÀNG BẠC NGHĨA THỊNH,"NGHIA THINH SILVER GOLD CO., LTD",111044531,"SỐ101 đường An Khánh, Thôn Vân Lũng, Xã An Khánh, Huyện Hoài Đức, Hà Nội",Đang hoạt động (đã được cấp GCN ĐKT),7/5/2025,Bán lẻ hàng hóa khác mới trong các cửa hàng chuyên doanh,https://infodoanhnghiep.com/thong-tin/Cong-Ty-TNHH-Vang-Bac-Nghia-Thinh-44531.html
CÔNG TY TNHH MANNIX VIỆT NAM,"MANNIX VIETNAM CO., LTD",111044330,"Tầng 6, DG3.5, Đường Vạn Xuân, Khu 6, Thị Trấn Trạm Trôi, Huyện Hoài Đức, Hà Nội",Đang hoạt động (đã được cấp GCN ĐKT),7/5/2025,Bán buôn đồ dùng khác cho gia đình,https://infodoanhnghiep.com/thong-tin/Cong-Ty-TNHH-Mannix-Viet-Nam-44330.html
CÔNG TY TNHH ÂM NHẠC VÀ GIẢI TRÍ TƯƠNG LAI,,111044387,"Số 53 Sơn Tây, Phường Kim Mã, Quận Ba Đình, Hà Nội",Đang hoạt động (đã được cấp GCN ĐKT),7/5/2025,"Xử lý dữ liệu, cho thuê và các hoạt động liên quan",https://infodoanhnghiep.com/thong-tin/Cong-Ty-TNHH-Am-Nhac-Va-Giai-Tri-Tuong-Lai-44387.html
CÔNG TY CỔ PHẦN QUỐC TẾ MẶT TRỜI,SUN INTERNATIONAL.JSC,111044323,"Số nhà B8-BT1, phố Bùi Xuân Phái, Khu đô thị mới Mỹ Đình II, Phường Mỹ Đình 2, Quận Nam Từ Liêm, Hà Nội",Đang hoạt động (đã được cấp GCN ĐKT),7/5/2025,Dịch vụ hỗ trợ giáo dục,https://infodoanhnghiep.com/thong-tin/Cong-Ty-Co-Phan-Quoc-Te-Mat-Troi-44323.html
CÔNG TY CỔ PHẦN HỘI QUÁN KINH KỲ,,111043778,"Số 2 phố Đặng Thái Thân, Phường Phan Chu Trinh, Quận Hoàn Kiếm, Hà Nội",Đang hoạt động (đã được cấp GCN ĐKT),7/5/2025,Nhà hàng và các dịch vụ ăn uống phục vụ lưu động,https://infodoanhnghiep.com/thong-tin/Cong-Ty-Co-Phan-Hoi-Quan-Kinh-Ky-43778.html
CÔNG TY TNHH THƯƠNG MẠI DVXD TÂN QUANG,,111044394,"Tầng 6Tòa nhà MD Complex, số 68 Nguyễn Cơ Thạch, Phường cầu Diễn, Quận Nam Từ Liêm, Hà Nội",Đang hoạt động (đã được cấp GCN ĐKT),7/5/2025,Dịch vụ chăm sóc và duy trì cảnh quan,https://infodoanhnghiep.com/thong-tin/Cong-Ty-TNHH-Thuong-Mai-Dvxd-Tan-Quang-44394.html
CÔNG TY CP DỊCH VỤ GIÁO DỤC NGUYÊN KHANG,,111044436,"Số 12 A, lô 7 Khu nhà ở Văn Phòng Trung Ương Đảng và Báo Nhân Dân, Phường Xuân Phương, Quận Nam Từ Liêm, Hà Nội",Đang hoạt động (đã được cấp GCN ĐKT),7/5/2025,Giáo dục khác chưa được phân vào đâu,https://infodoanhnghiep.com/thong-tin/Cong-Ty-CP-Dich-Vu-Giao-Duc-Nguyen-Khang-44436.html
CÔNG TY CỔ PHẦN GIẢI PHÁP ĐẦU TƯ ÁNH DƯƠNG,,111044299,"Số nhà 33, Ngõ 2, đường Hàm Nghi, Phường Mỹ Đình 2, Quận Nam Từ Liêm, Hà Nội",Đang hoạt động (đã được cấp GCN ĐKT),7/5/2025,Xây dựng công trình điện,https://infodoanhnghiep.com/thong-tin/Cong-Ty-Co-Phan-Giai-Phap-Dau-Tu-Anh-Duong-44299.html
CÔNG TY CỔ PHẦN DỊCH VỤ AN HOMES,ANHO,111044186,"Ô 44 Tập thể Đài Phát Tín, Ngõ 163, Đường Đại Mỗ, Phường Đại Mỗ, Quận Nam Từ Liêm, Hà Nội",Đang hoạt động (đã được cấp GCN ĐKT),7/5/2025,"Kinh doanh bất động sản, quyền sử dụng đất thuộc chủ sở hữu, chủ sử dụng hoặc đi thuê",https://infodoanhnghiep.com/thong-tin/Cong-Ty-Co-Phan-Dich-Vu-An-Homes-44186.html
CÔNG TY TNHH DŨNG KIÊN,,111042213,"Số 20, hẻm 422/11/28 Ngô Gia Tự, Phường Đức Giang, Quận Long Biên, Hà Nội",Đang hoạt động (đã được cấp GCN ĐKT),6/5/2025,"Sản xuất gỗ dán, gỗ lạng, ván ép và ván mỏng khác",https://infodoanhnghiep.com/thong-tin/Cong-Ty-TNHH-Dung-Kien-42213.html
CÔNG TY TNHH TIẾP VẬN GBL,"GBL LOGISTICS CO., LTD",111042492,"Số 22 ngách 202 ngõ 143 phố Nguyễn Chính, Phường Thịnh Liệt, Quận Hoàng Mai, Hà Nội",Đang hoạt động (đã được cấp GCN ĐKT),6/5/2025,Vận tải hàng hóa bằng đường bộ,https://infodoanhnghiep.com/thong-tin/Cong-Ty-TNHH-Tiep-Van-Gbl-42492.html
CÔNG TY TNHH DƯỢC VÀ TBYT TOÀN CẦU,"GLOBAL TBYT CO., LTD",111042252,"Số nhà 6, Ngõ 161, Đường Bát Khối, Phường Long Biên, Quận Long Biên, Hà Nội",Đang hoạt động (đã được cấp GCN ĐKT),6/5/2025,Bán buôn đồ dùng khác cho gia đình,https://infodoanhnghiep.com/thong-tin/Cong-Ty-TNHH-Duoc-Va-Tbyt-Toan-Cau-42252.html
CÔNG TY TNHH PHỤ TÙNG Ô TÔ MINH CHÂU,,111042277,"Số nhà 25 ngõ 640/57 Đường Nguyễn Văn Cừ, Tổ 14, Phường Gia Thuỵ, Quận Long Biên, Hà Nội",Đang hoạt động (đã được cấp GCN ĐKT),6/5/2025,Bán phụ tùng và các bộ phận phụ trợ của ô tô và xe có động cơ khác,https://infodoanhnghiep.com/thong-tin/Cong-Ty-TNHH-Phu-Tung-O-To-Minh-Chau-42277.html
CÔNG TY TNHH PHÁT TRIỂN ĐẦU TƯ PHL VIỆT NAM,PHL VIETNAM,111042245,"Tầng 7, LK06, Lô NO-07 Đường Hồng Tiến, Phường Bồ Đe, Quận Long Biên, Hà Nội",Đang hoạt động (đã được cấp GCN ĐKT),6/5/2025,"Kinh doanh bất động sản, quyền sử dụng đất thuộc chủ sở hữu, chủ sử dụng hoặc đi thuê",https://infodoanhnghiep.com/thong-tin/Cong-Ty-TNHH-Phat-Trien-Dau-Tu-Phl-Viet-Nam-42245.html
CÔNG TY TNHH THIẾT BỊ ĐỒ CHƠI & SỰ KIỆN VINAJOY,CÔNG TY THIẾT BỊ ĐỒ CHƠI & SỰ KIỆN VINAJOY,111042238,"Lô DI - A4 Khu tái định cư, Tổ 12, Phường Cự Khối, Quận Long Biên, Hà Nội",Đang hoạt động (đã được cấp GCN ĐKT),6/5/2025,Bán buôn đồ dùng khác cho gia đình,https://infodoanhnghiep.com/thong-tin/Cong-Ty-TNHH-Thiet-Bi-Do-Choi-Su-Kien-Vinajoy-42238.html
CÔNG TY TNHH XÂY DỰNG THƯƠNG MẠI PHÚC VINH,,111042206,"Thôn La Tinh, Xã Đông La, Huyện Hoài Đức, Hà Nội",Đang hoạt động (đã được cấp GCN ĐKT),6/5/2025,"Bán buôn vật liệu, thiết bị lắp đặt khác trong xây dựng",https://infodoanhnghiep.com/thong-tin/Cong-Ty-TNHH-Xay-Dung-Thuong-Mai-Phuc-Vinh-42206.html
CÔNG TY TNHH DU LỊCH QUỐC TẾ VIETCOLORS,,111042220,"Số nhà 19, ngõ 405/8 Bát Khối, Phường Long Biên, Quận Long Biên, Hà Nội",Đang hoạt động (đã được cấp GCN ĐKT),6/5/2025,,https://infodoanhnghiep.com/thong-tin/Cong-Ty-TNHH-Du-Lich-Quoc-Te-Vietcolors-42220.html
CÔNG TY TRÁCH NHIỆM HỮU HẠN GIÁO DỤC ATH,,111042301,"Số 5, Ngõ 125, Đường Yên Sở , Xã Yên Sở, Huyện Hoài Đức, Hà Nội",Đang hoạt động (đã được cấp GCN ĐKT),6/5/2025,Giáo dục khác chưa được phân vào đâu,https://infodoanhnghiep.com/thong-tin/Cong-Ty-Trach-Nhiem-Huu-Han-Giao-Duc-Ath-42301.html
CÔNG TY TNHH THƯƠNG MẠI TRÚC ANH MEDIA,,111042291,"SỐ19 đường Ba Chàng, Xã Dương Liễu, Huyện Hoài Đức, Hà Nội",Đang hoạt động (đã được cấp GCN ĐKT),6/5/2025,Hoạt động dịch vụ hỗ trợ kinh doanh khác còn lại chưa được phân vào đâu,https://infodoanhnghiep.com/thong-tin/Cong-Ty-TNHH-Thuong-Mai-Truc-Anh-Media-42291.html
CÔNG TY TNHH TƯ VẤN VÀ DỊCH VỤ LỘC DƯƠNG LOGISTICS,LỘC DƯƠNG LOGISTICS,111042580,"Tầng 9Tòa nhà SỐ12 Phố Đồng Nhân, Phường Đồng Nhân, Quận Hai Bà Trưng, Hà Nội",Đang hoạt động (đã được cấp GCN ĐKT),6/5/2025,Hoạt động dịch vụ hỗ trợ khác liên quan đến vận tải,https://infodoanhnghiep.com/thong-tin/Cong-Ty-TNHH-Tu-Van-Va-Dich-Vu-Loc-Duong-Logistics-42580.html
CÔNG TY TNHH TRANG PHỤC BIỂN DIỄN N2,,111042598,"Số 366 Phố Bạch Mai, Phường Bạch Mai, Quận Hai Bà Trưng, Hà Nội",Đang hoạt động (đã được cấp GCN ĐKT),6/5/2025,"Bán lẻ hàng may mặc, giày dép, hàng da và giả da trong các cửa hàng chuyên doanh",https://infodoanhnghiep.com/thong-tin/Cong-Ty-TNHH-Trang-Phuc-Bien-Dien-N2-42598.html
CÔNG TY TNHH ĐẦU TƯ PHÁT TRIỂN HẠ TẦNG ĐÔ THỊ UDIC1,,111042573,"Số 28, ngõ 143 Trần Khát Chân, Phường Thanh Lương, Quận Hai Bà Trưng, Hà Nội",Đang hoạt động (đã được cấp GCN ĐKT),6/5/2025,Xây dựng nhà không để ở,https://infodoanhnghiep.com/thong-tin/Cong-Ty-TNHH-Dau-Tu-Phat-Trien-Ha-Tang-Do-Thi-Udic1-42573.html
CÔNG TY TNHH LIMAX VN,"LIMAX VN CO.,LTD",111042326,"Lô 8, Măng cầm 5, Khu đô thị An Lạc Symphony, Xã Vân Canh, Huyện Hoài Đức, Hà Nội",Đang hoạt động (đã được cấp GCN ĐKT),6/5/2025,"Bán buôn vật liệu, thiết bị lắp đặt khác trong xây dựng",https://infodoanhnghiep.com/thong-tin/Cong-Ty-TNHH-Limax-VN-42326.html
CÔNG TY TNHH THƯƠNG MẠI FEIXIDE,,111042816,"TT9-34, Khu đô thị mới Văn Phú, Phường Phú La, Quận Hà Đông, Hà Nội",Đang hoạt động (đã được cấp GCN ĐKT),6/5/2025,Bán buôn đồ dùng khác cho gia đình,https://infodoanhnghiep.com/thong-tin/Cong-Ty-TNHH-Thuong-Mai-Feixide-42816.html
CÔNG TY TNHH ĐẦU TƯ VÀ CÔNG NGHỆ SỐ HÀ NỘI,,111042446,"Số 8 Phố Lê Hữu Trác, Phường Phúc La, Quận Hà Đông, Hà Nội",Đang hoạt động (đã được cấp GCN ĐKT),6/5/2025,"Bán buôn máy vi tính, thiết bị ngoại vi và phần mềm",https://infodoanhnghiep.com/thong-tin/Cong-Ty-TNHH-Dau-Tu-Va-Cong-Nghe-So-Ha-Noi-42446.html
CÔNG TY CỔ PHẦN GIẢI PHÁP MẶT TRỜI XANH,"SOL GREEN SOLUTIONS., JSC",111041410,"40 Ngách 426/6 Đường Láng, Phường Láng Hạ, Quận Đống đa, Hà Nội",Đang hoạt động (đã được cấp GCN ĐKT),6/5/2025,,https://infodoanhnghiep.com/thong-tin/Cong-Ty-Co-Phan-Giai-Phap-Mat-Troi-Xanh-41410.html
CÔNG TY CỔ PHẦN Y DƯỢC VNG,"VNG PHARMA .,JSC",111041403,"SỐ10 ngõ 183 Đặng Tiến Đông, Phường Trung Liệt, Quận Đống đa, Hà Nội",Đang hoạt động (đã được cấp GCN ĐKT),6/5/2025,Bán buôn đồ dùng khác cho gia đình,https://infodoanhnghiep.com/thong-tin/Cong-Ty-Co-Phan-Y-Duoc-Vng-41403.html
CÔNG TY CỔ PHẦN TƯ VẤN ĐẦU TƯ PHÁT TRIỂN VÀ VÀ XÂY DỰNG A25,"A25 CONS .,JSC",111042100,"A42-TT5 khu đô thị Văn Quán , Phường Văn Quán, Quận Hà Đông, Hà Nội",Đang hoạt động (đã được cấp GCN ĐKT),6/5/2025,Xây dựng nhà để ở,https://infodoanhnghiep.com/thong-tin/Cong-Ty-Co-Phan-Tu-Van-Dau-Tu-Phat-Trien-Va-Va-Xay-Dung-A25-42100.html
CÔNG TY CỔ PHẦN THÉP KHẢI AN PHÁT,,111041964,"Km 9, Quốc lộ 3, Khu Đồng Quán, Xã cổ Loa, Huyện Đông Anh, Hà Nội",Đang hoạt động (đã được cấp GCN ĐKT),6/5/2025,Bán buôn kim loại và quặng kim loại,https://infodoanhnghiep.com/thong-tin/Cong-Ty-Co-Phan-Thep-Khai-An-Phat-41964.html
CÔNG TY CỔ PHẦN THƯƠNG MẠI VÀ GIẢI PHÁP VẬN TẢI ĐÔNG ANH,,111041971,"Xóm 3, thôn Nguyên Khê, Xã Nguyên Khê, Huyện Đông Anh, Hà Nội",Đang hoạt động (đã được cấp GCN ĐKT),6/5/2025,Vận tải hàng hóa bằng đường bộ,https://infodoanhnghiep.com/thong-tin/Cong-Ty-Co-Phan-Thuong-Mai-Va-Giai-Phap-Van-Tai-Dong-Anh-41971.html
CÔNG TY CỔ PHẦN XUẤT NHẬP KHẨU SLIM,,111042157,"Số D19-7, Khu D, Khu đô thị Geleximco, Phường Dương Nội, Quận Hà Đông, Hà Nội",Đang hoạt động (đã được cấp GCN ĐKT),6/5/2025,Bán buôn đồ dùng khác cho gia đình,https://infodoanhnghiep.com/thong-tin/Cong-Ty-Co-Phan-Xuat-Nhap-Khau-Slim-42157.html
CÔNG TY CỔ PHẦN CM - SPORT VIỆT NAM,,111041989,"Lô Ĩ2, Khu đô thị Nguyên Khê, Thôn Nguyên Khê, Xã Nguyên Khê, Huyện Đông Anh, Hà Nội",Đang hoạt động (đã được cấp GCN ĐKT),6/5/2025,Bán buôn đồ dùng khác cho gia đình,https://infodoanhnghiep.com/thong-tin/Cong-Ty-Co-Phan-CM-Sport-Viet-Nam-41989.html
CÔNG TY TNHH MÔI TRƯỜNG THOÁT NƯỚC TUẤN PHONG,,111041890,"Số 263 đường Liên Hồng, thôn Hữu Cước, Xã Liên Hồng, Huyện Đan Phượng, Hà Nội",Đang hoạt động (đã được cấp GCN ĐKT),6/5/2025,Thoát nước và xử lý nước thải,https://infodoanhnghiep.com/thong-tin/Cong-Ty-TNHH-Moi-Truong-Thoat-Nuoc-Tuan-Phong-41890.html
CÔNG TY TNHH MH LUXURY GROUP,,111041900,"Số nhà 56, Tổ 3, Thị Trấn Sóc Sơn, Huyện Sóc Sơn, Hà Nội",Đang hoạt động (đã được cấp GCN ĐKT),6/5/2025,Bán buôn đồ dùng khác cho gia đình,https://infodoanhnghiep.com/thong-tin/Cong-Ty-TNHH-Mh-Luxury-Group-41900.html
CÔNG TY CỔ PHẦN SẢN XUẤT THƯƠNG MẠI NỘI THẤT PT,PT FURITURE JSC,111041668,"SỐ33 Phố Trung Kính, Phường Trung Hòa, Quận Cầu Giấy, Hà Nội",Đang hoạt động (đã được cấp GCN ĐKT),6/5/2025,"Sản xuất giường, tủ, bàn, ghế",https://infodoanhnghiep.com/thong-tin/Cong-Ty-Co-Phan-San-Xuat-Thuong-Mai-Noi-That-Pt-41668.html
CÔNG TY TNHH KIM KHÍ TỔNG HỢP ĐỨC LONG,,111041717,"Đường Trần Trọng Liêu, xóm 7 thôn Văn Hôi, Xã Văn Bình, Huyện Thường Tín, Hà Nội",Đang hoạt động (đã được cấp GCN ĐKT),6/5/2025,"Bán buôn vật liệu, thiết bị lắp đặt khác trong xây dựng",https://infodoanhnghiep.com/thong-tin/Cong-Ty-TNHH-Kim-Khi-Tong-Hop-Duc-Long-41717.html
